order_id,customer_id,order_date,total_amount
1,01JGFSWD4J5ECNKGWATRK8Z9MJ,03/12/2023,50.52
2,01JGFSWD24PZFPGF27JC41VWQZ,17/11/2023,189.85
3,01JGFSWD3CYWYHDFP3N891EKS1,10/05/2023,5163.0
4,01JGFSWD4XTHK8H716N40QZ03W,30/12/2023,15.95
5,01JGFSWD75MEHJMZBY4W7A9Y54,11/04/2024,598.0
6,01JGFSWD5Z2HSZDVT6NR9F0T5A,05/12/2023,17.96
7,01JGFSWD4Z2G353JVFE5CBKDQ8,28/11/2024,1317.0
8,01JGFSWD7SRYSR4WQ0EHVS0001,11/02/2024,89.97
9,01JGFSWD1GCS0KVKDHWRG0D8EW,24/06/2024,0.0
10,01JGFSWD595KVJSG0X8HJ2RR9T,24/11/2023,17.98
11,01JGFSWD6CD4PZC2XTGZYHQDHD,11/10/2023,61.98
12,01JGFSWD5TDMFW67Q3WY9315CC,05/08/2023,505.86
13,01JGFSWD6N3ZPA44ZQTSREDEBE,10/11/2023,17.98
14,01JGFSWD2WGXRPD5JWZSC7DRV2,05/08/2023,27.98
15,01JGFSWD2JM7AM4Z14N60SJE8E,27/09/2023,35.98
16,01JGFSWD2WR5X0W3BQ7TAGRJKA,20/03/2023,29.99
17,01JGFSWD8GHZMKRD5FRWM9A5CA,06/08/2024,22.95
18,01JGFSWD7110WZXSA60HYPWPS2,26/11/2024,15.19
19,01JGFSWD4XN546M7HHPMT5T82Z,28/10/2023,4.66
20,01JGFSWD20F5VYQ0H8PMQRZJCA,24/08/2023,62.97
21,01JGFSWD2WGXRPD5JWZSC7DRV2,03/09/2023,92.97
22,01JGFSWD4KGG24MQS357K4C88Q,02/04/2023,29.97
23,01JGFSWD2WR5X0W3BQ7TAGRJKA,14/02/2023,29.5
24,01JGFSWD7CBBS4WK15T4EB34TW,22/08/2024,11.78
25,01JGFSWD4EHRBQ794ZTN9PVF0J,12/08/2024,235.4
26,01JGFSWD1RVE65FCM6B1X0077K,25/05/2024,7.99
27,01JGFSWD7AJ9NCP1CFPS7ZATHD,18/02/2024,29.97
28,01JGFSWD2K6GBHQC2NGV4MD4SY,30/08/2024,164.31
29,01JGFSWD66Q3GEV6TR2F68SVZR,21/04/2023,301.98
30,01JGFSWD3B7HFQ87BFZQG6Q2MF,23/12/2024,11.99
31,01JGFSWD5TVAGDBSFGM60NZ5TS,06/10/2024,40.94
32,01JGFSWD50KNDN6R8YKDFMA4MK,24/06/2024,29.99
33,01JGFSWD7BGTX46ZTC4SKXVYZ5,06/12/2024,22.78
34,01JGFSWD7D4NEBBYBYQRNKY7PG,19/02/2023,9.19
35,01JGFSWD32AF6Y14J46037P1PX,10/12/2023,415.96
36,01JGFSWD4NCMBW3CCXG2ABFJ3P,23/07/2024,49.95
37,01JGFSWD5TVAGDBSFGM60NZ5TS,21/12/2024,32.96
38,01JGFSWD6H1CM7ZQWDPAZ00EMM,11/02/2023,26.94
39,01JGFSWD3XVJYNQ53RFV0N160C,19/04/2024,18.9
40,01JGFSWD3XVJYNQ53RFV0N160C,14/07/2023,18.330000000000002
41,01JGFSWD8HQHFXC1VVATE92PG1,01/10/2023,79.98
42,01JGFSWD6KEZS635GE9AA1RFVV,21/01/2023,44.97
43,01JGFSWD66Q3GEV6TR2F68SVZR,09/11/2024,118.99
44,01JGFSWD4S9W2GWBNPHDKWYVVX,17/11/2023,56.97
45,01JGFSWD3H1NEM5NTWCC4D7YX5,08/10/2024,128.97
46,01JGFSWD1VB5PD71CKKMQH6HPH,25/08/2023,33.98
47,01JGFSWD1V02WBXW5DRH5AE0D4,24/10/2024,59.97
48,01JGFSWD52Q5SSKNWC0NFNZ04N,21/03/2023,179.46
49,01JGFSWD5VB89QRX495YNS6GKX,16/03/2023,31.98
50,01JGFSWD47PE3JNRBJNFAPKQ18,12/06/2023,128.97
51,01JGFSWD4DX3A8T8CC6T3TEM2E,11/11/2024,6.47
52,01JGFSWD7ZHAFXX5109D3RQ42X,09/11/2024,35.9
53,01JGFSWD4R6NDS74S7J99HH3XP,23/10/2024,389.97
54,01JGFSWD1SXFWMSWT6CRSPKWSB,09/01/2024,27.98
55,01JGFSWD6MZB2ZW275G7350605,10/06/2023,34.17
56,01JGFSWD3J8K18N2M4YY8PKX8V,02/03/2024,128.97
57,01JGFSWD3J8K18N2M4YY8PKX8V,19/01/2024,12.71
58,01JGFSWD276EGBA4NFK25TVV9Q,28/10/2023,62.97
59,01JGFSWD8C228TR28YSDH3CTQ3,03/09/2024,27.98
60,01JGFSWD20ABX2CYKEYYZ8QRJP,01/11/2023,1210.12
61,01JGFSWD5VB89QRX495YNS6GKX,19/01/2024,15.19
62,01JGFSWD6AC0J12NEE3X5H3VN2,12/10/2024,79.98
63,01JGFSWD7BGTX46ZTC4SKXVYZ5,21/11/2023,18.99
64,01JGFSWD8BYZ6PCDDE568TQGZQ,01/10/2023,19.47
65,01JGFSWD35F37W1VJDPHET8Z1E,05/09/2024,32.94
66,01JGFSWD22FHQW7965XGGAD3NG,29/08/2024,1815.1799999999998
67,01JGFSWD1V02WBXW5DRH5AE0D4,16/04/2024,25.99
68,01JGFSWD83TVN0MXA6WAT4ZJ0M,13/10/2023,32.18
69,01JGFSWD62PSNMDYPDS0FGV8WQ,06/09/2024,59.96
70,01JGFSWD746VR5TQAMWENVBPE5,27/09/2024,0.0
71,01JGFSWD2ATM87R40HAX3Y4K90,08/06/2023,48.54
72,01JGFSWD6MS4VGPSFDPBZM9BAN,23/07/2023,69.99
73,01JGFSWD7S4N5RQDZRECXB0EMM,26/03/2024,89.99
74,01JGFSWD3DQC7K9G21KZGY0G8V,22/04/2024,38.5
75,01JGFSWD672K0WZYANZ89V8JAN,13/11/2023,49.21
76,01JGFSWD2S60AVB160Q5SR9KK8,09/10/2024,18.68
77,01JGFSWD2Y1EG6M60H3WMPGEX5,22/11/2024,0.0
78,01JGFSWD89QYJ1E1GY888V8RK2,02/09/2023,55.9
79,01JGFSWD8HQHFXC1VVATE92PG1,08/08/2024,58.62
80,01JGFSWD32AF6Y14J46037P1PX,16/04/2024,18.38
81,01JGFSWD276EGBA4NFK25TVV9Q,06/02/2024,9.99
82,01JGFSWD8GHZMKRD5FRWM9A5CA,11/11/2024,43.9
83,01JGFSWD3EE8BVH25BE6EYQYGM,01/09/2023,59.94
84,01JGFSWD2TFVDWXBYX1N2G6Y41,17/06/2024,55.949999999999996
85,01JGFSWD53DF72824XMW7Y4HY7,29/08/2024,750.0
86,01JGFSWD76GXKC9SN4ZQDM44HB,24/05/2023,73.9
87,01JGFSWD6486BJ928EV32S3186,24/09/2023,31.99
88,01JGFSWD24PZFPGF27JC41VWQZ,19/10/2024,30.98
89,01JGFSWD3H1NEM5NTWCC4D7YX5,12/05/2023,41.0
90,01JGFSWD3K3N8WXD7P8NN65TVP,08/08/2024,38.91
91,01JGFSWD7RCYQVH5DYYSR03ZPF,15/07/2023,15.99
92,01JGFSWD4Q40323BHZRCM4HCDC,31/03/2024,13.98
93,01JGFSWD7BWSZXPPM9SHB7NCNN,09/04/2024,119.97
94,01JGFSWD3V1PMXK2NCFM5ME51G,15/08/2023,19.5
95,01JGFSWD3X1DX3HRB9T64KRWN1,06/10/2024,83.94
96,01JGFSWD5HB6A60WY8Q20SPZ09,21/03/2024,0.0
97,01JGFSWD6E23ZK7QQA5NHCDCG7,11/04/2023,53.97
98,01JGFSWD561KZ0PD3QJPM6P9CX,15/05/2023,479.97
99,01JGFSWD8HMVHSW97JXHS8FVH2,02/02/2023,13.53
100,01JGFSWD82HEHG80R6CGD26RP4,23/03/2023,0.0
101,01JGFSWD7FPK8MKZBAV6JQ9HNT,23/09/2024,29.96
102,01JGFSWD25NC6XGYD4NK8ZPDKM,10/01/2024,14.44
103,01JGFSWD6V9616ND99W3QKE8TG,21/10/2023,165.0
104,01JGFSWD2HVXV7QBQJ5VXQVXRV,23/09/2024,39.98
105,01JGFSWD4GWBENFMWH855HHFZT,11/10/2023,111.27000000000001
106,01JGFSWD4DX3A8T8CC6T3TEM2E,21/02/2023,39.98
107,01JGFSWD30E6KV2FFR53X9WBK3,13/08/2024,408.0
108,01JGFSWD50KNDN6R8YKDFMA4MK,21/08/2024,15.98
109,01JGFSWD308V4YYMMYKNR14C9G,30/08/2024,69.98
110,01JGFSWD61247W88W3S2FZ94KS,09/01/2023,6.49
111,01JGFSWD7YMZB15MD3VN8ZHR9T,09/11/2023,41.97
112,01JGFSWD4N0P43QQSE7BB59T2X,30/10/2024,9.99
113,01JGFSWD6N3ZPA44ZQTSREDEBE,23/02/2024,111.27000000000001
114,01JGFSWD6VD3BDZJ4EN9AN98CJ,06/07/2023,60.98
115,01JGFSWD7MTP17KGC300WFFTY9,21/04/2024,6.99
116,01JGFSWD8BDE43S77ESM1KKQQC,22/04/2023,50.97
117,01JGFSWD31A725TSENYYMN6QSD,18/10/2024,43.98
118,01JGFSWD22FHQW7965XGGAD3NG,25/07/2024,20.99
119,01JGFSWD7Y2Q4AFN6NJCT7052A,05/09/2023,6.99
120,01JGFSWD5288TZZ9M3X68T4KDZ,08/01/2023,36.12
121,01JGFSWD89V862YXK3S97DA8CE,16/10/2023,89.0
122,01JGFSWD1AV0858F0Z22P0V3VN,25/12/2024,104.97
123,01JGFSWD8FC636KS49W32JHY5X,17/03/2023,7.99
124,01JGFSWD7ZHAFXX5109D3RQ42X,10/08/2023,29.88
125,01JGFSWD22SCW8HJYAB1YNJBD0,10/02/2023,39.99
126,01JGFSWD89V862YXK3S97DA8CE,01/01/2023,25.47
127,01JGFSWD1QGNYYTRP1BTDBT29A,01/08/2023,89.85
128,01JGFSWD4TCDGR17GJ9NH4KZCN,20/04/2023,119.69999999999999
129,01JGFSWD3KNA86NM8GE25ACV74,27/08/2024,219.98
130,01JGFSWD840KRN9EBHPDB5S1GC,25/07/2023,5.99
131,01JGFSWD31A725TSENYYMN6QSD,15/06/2023,17.99
132,01JGFSWD2EZQBVBQNYBB9T6WV1,07/03/2024,216.04
133,01JGFSWD5FDXCTA9ST5REE3B8R,27/07/2024,209.96999999999997
134,01JGFSWD3FX7HDD2J9QEPWPE19,14/04/2023,2064.0
135,01JGFSWD2S60AVB160Q5SR9KK8,03/08/2024,16.99
136,01JGFSWD5HB6A60WY8Q20SPZ09,09/05/2024,82.44
137,01JGFSWD3X1DX3HRB9T64KRWN1,28/11/2024,9.34
138,01JGFSWD5895B5F1H267M6C1K2,13/05/2023,20.99
139,01JGFSWD26VT191YM6RQA2FR2W,09/09/2024,53.97
140,01JGFSWD69MDQGFQCKZBPAS5NQ,02/07/2024,27.0
141,01JGFSWD21XAJV1WMZN7ESEZJJ,03/12/2023,59.97
142,01JGFSWD2BY4YPMVWCDN86V49E,11/04/2024,12.99
143,01JGFSWD4XN546M7HHPMT5T82Z,15/06/2023,329.85
144,01JGFSWD1ZJHCSXM84HNNG7GBJ,09/01/2024,41.67
145,01JGFSWD67231WQ850S0W7RGPQ,09/05/2024,86.67
146,01JGFSWD2V2EE78N12P03X51M8,19/10/2023,15.99
147,01JGFSWD22SCW8HJYAB1YNJBD0,02/10/2024,30.0
148,01JGFSWD7TT5KY46ZFXJ0RWB6H,15/07/2024,55.98
149,01JGFSWD1HR4W714E2BV6AVPEK,05/07/2023,204.69
150,01JGFSWD62Q373D90C63KV1XEY,23/09/2023,0.0
151,01JGFSWD6XX4CQ4T270SCHEG10,20/02/2023,39.99
152,01JGFSWD2RV6PRQQXDMJX659E0,26/06/2023,19.98
153,01JGFSWD1VB5PD71CKKMQH6HPH,08/06/2024,59.96
154,01JGFSWD4R58JJ3TT1VK3KRF7E,11/12/2024,14.99
155,01JGFSWD3J8K18N2M4YY8PKX8V,28/09/2024,84.99
156,01JGFSWD6PTARQQ1QGYZHGW58Z,14/05/2024,44.97
157,01JGFSWD6BJARQCPY6GBZ2DXKC,10/04/2023,8.58
158,01JGFSWD4KGG24MQS357K4C88Q,25/12/2023,47.97
159,01JGFSWD22FHQW7965XGGAD3NG,06/02/2023,33.5
160,01JGFSWD80Y8GW4JJZSCZY7X31,14/10/2023,107.10000000000001
161,01JGFSWD4SMTFDTES5VV28FB32,18/09/2024,48.54
162,01JGFSWD2PR8CSX1NRSJA2EG0M,28/05/2023,79.98
163,01JGFSWD6HBXB58TK78QDAKHP9,27/02/2024,13.89
164,01JGFSWD6EHQGDRCC5V0W045Z9,04/03/2024,59.98
165,01JGFSWD3GSZGT8XDR2WHSKG6E,05/02/2023,85.98
166,01JGFSWD62Q373D90C63KV1XEY,30/01/2023,0.0
167,01JGFSWD1C7SEG3HV8CAJ3MY5H,02/03/2023,29.98
168,01JGFSWD308V4YYMMYKNR14C9G,04/12/2023,89.99
169,01JGFSWD5HAR3BZ88TG7Y5CJ5N,05/06/2023,139.99
170,01JGFSWD7V3HXZ0AHWYH9TDNKK,12/05/2023,23.9
171,01JGFSWD68XMF7Y2KKGWMQS3FW,03/02/2023,25.99
172,01JGFSWD7Y2Q4AFN6NJCT7052A,11/03/2024,17.98
173,01JGFSWD6QEB00XKM2KYW1SAJZ,16/02/2024,18.99
174,01JGFSWD789QWVWDTM9P5JV0BG,17/08/2023,86.31
175,01JGFSWD1NB13D98ZHSCCKMMK0,26/02/2023,29.98
176,01JGFSWD30E6KV2FFR53X9WBK3,05/10/2023,490.6
177,01JGFSWD789QWVWDTM9P5JV0BG,10/11/2024,65.97
178,01JGFSWD5X2RB31Q6W41GTM0RM,27/11/2023,59.98
179,01JGFSWD4Q40323BHZRCM4HCDC,25/06/2024,149.99
180,01JGFSWD75MEHJMZBY4W7A9Y54,30/08/2023,27.98
181,01JGFSWD728ZSD59WCDZAV4FWM,24/07/2024,113.97
182,01JGFSWD69MDQGFQCKZBPAS5NQ,25/04/2023,97.98
183,01JGFSWD7P9RNYX9C99DSEJ0ZX,30/09/2023,149.97
184,01JGFSWD63NFE8XDTAGN5Q4KXQ,24/03/2024,44.82
185,01JGFSWD5QDZDRFESC0TJYMXZ9,27/09/2024,19.99
186,01JGFSWD3SRTJHDJCHFABPCHM5,14/01/2023,17.669999999999998
187,01JGFSWD2V2EE78N12P03X51M8,16/09/2023,98.97
188,01JGFSWD840KRN9EBHPDB5S1GC,28/05/2023,0.0
189,01JGFSWD384CF6W41CX0WFSGHN,15/05/2024,899.97
190,01JGFSWD79YEKTQFQKB33XGNEX,05/04/2024,7.98
191,01JGFSWD4SMTFDTES5VV28FB32,01/11/2024,0.0
192,01JGFSWD1K0ZHNV7AJFJVS39YQ,05/07/2024,2475.0
193,01JGFSWD48P061S2Z727MNGHED,14/04/2024,13.78
194,01JGFSWD46PTS3RN8Q8BTPHBA5,12/08/2024,495.0
195,01JGFSWD38633SD1Y1CJZSDZRB,10/10/2023,17.98
196,01JGFSWD1RVE65FCM6B1X0077K,07/01/2024,116.72999999999999
197,01JGFSWD840KRN9EBHPDB5S1GC,21/05/2023,98.0
198,01JGFSWD82H240PJACWGYM5N3W,30/08/2023,17.97
199,01JGFSWD3CYWYHDFP3N891EKS1,15/09/2023,29.78
200,01JGFSWD2SDC60J3BESEA98RH9,25/02/2024,0.0
201,01JGFSWD4C1VRMY61GH96ZZRGC,16/10/2023,71.97
202,01JGFSWD7TT5KY46ZFXJ0RWB6H,25/05/2024,299.98
203,01JGFSWD5JFZSNEPTXX0BAYF1Q,12/10/2023,599.97
204,01JGFSWD5Z2HSZDVT6NR9F0T5A,29/11/2024,16.99
205,01JGFSWD3EE8BVH25BE6EYQYGM,07/12/2024,16.1
206,01JGFSWD77VEF4WH0HHJM8SYJG,07/03/2023,267.0
207,01JGFSWD6JS2R5YQQV8AHAWFDH,25/07/2023,109.38
208,01JGFSWD1J6C5CS1Y8EPMY04QW,06/12/2023,56.97
209,01JGFSWD774GT5E9F7N36BHWFE,13/07/2024,66.75
210,01JGFSWD4SMTFDTES5VV28FB32,16/08/2024,659.97
211,01JGFSWD48P061S2Z727MNGHED,25/02/2024,98.0
212,01JGFSWD2QBKH8F4WMN9DJ3F9J,19/07/2023,0.0
213,01JGFSWD21XAJV1WMZN7ESEZJJ,06/11/2023,39.99
214,01JGFSWD6B3E050064YQK782WV,11/12/2024,89.85
215,01JGFSWD215SWH754QQ84FFZDG,11/10/2024,329.96999999999997
216,01JGFSWD561KZ0PD3QJPM6P9CX,11/06/2024,18.99
217,01JGFSWD672K0WZYANZ89V8JAN,07/06/2023,62.97
218,01JGFSWD4FV5ZWCM2KJGG41JCW,24/11/2024,13.7
219,01JGFSWD39D6CM5TF1DA7X9DAR,08/07/2024,41.400000000000006
220,01JGFSWD7MTP17KGC300WFFTY9,11/04/2024,287.98
221,01JGFSWD3J1EKN8RJ6BYDMK2JJ,04/10/2024,41.97
222,01JGFSWD5FQ8R9TFPV0T1QPXST,06/02/2024,119.97
223,01JGFSWD82H240PJACWGYM5N3W,05/02/2023,38.97
224,01JGFSWD6SY1C9A2PM5VBM9A85,03/10/2023,23.98
225,01JGFSWD5C564X5TG42G1WSSX4,19/06/2024,319.04
226,01JGFSWD8879WQZJB404JDBGZ4,14/10/2024,348.0
227,01JGFSWD1Q83A83MZ5PBRFMGTM,22/12/2023,269.70000000000005
228,01JGFSWD2GCEVAWCQZBXJD29VX,27/11/2024,119.69999999999999
229,01JGFSWD636Y6G8NG0T6Q61HVG,07/12/2024,9.49
230,01JGFSWD5N7FAF3YJ28ZP3EZ6J,12/05/2023,29.97
231,01JGFSWD542H8ZMCZEM4TDX44T,23/03/2023,19.98
232,01JGFSWD6MS4VGPSFDPBZM9BAN,08/02/2023,20.29
233,01JGFSWD5BPEFZKMMW96NKV9MS,12/02/2023,31.9
234,01JGFSWD4V2CQVQF1B0G0R1HAN,03/07/2024,71.98
235,01JGFSWD50KNDN6R8YKDFMA4MK,29/12/2023,15.99
236,01JGFSWD5B8QKNXFSR6QMMNGE5,06/07/2024,768.0
237,01JGFSWD22SCW8HJYAB1YNJBD0,06/10/2024,0.0
238,01JGFSWD1VB5PD71CKKMQH6HPH,11/03/2024,11.98
239,01JGFSWD1HR4W714E2BV6AVPEK,11/02/2024,428.34
240,01JGFSWD35NQ3F0N2W4J46NKYT,08/11/2024,26.67
241,01JGFSWD59W8BSR1DKR43MY2WF,26/06/2024,8.95
242,01JGFSWD3RRF52V41QMYJNS6XN,23/08/2024,39.98
243,01JGFSWD4R58JJ3TT1VK3KRF7E,28/08/2023,0.0
244,01JGFSWD3GSZGT8XDR2WHSKG6E,30/01/2024,107.10000000000001
245,01JGFSWD4AW1Y40T5196HVJ59X,28/05/2023,31.98
246,01JGFSWD39D6CM5TF1DA7X9DAR,31/03/2024,12.99
247,01JGFSWD62Q373D90C63KV1XEY,02/03/2023,29.97
248,01JGFSWD1SGN8ACP0XPP9YW9WV,25/01/2023,1489.3
249,01JGFSWD5CXQ0J2N2VE4JEH11T,10/06/2023,16.47
250,01JGFSWD47PE3JNRBJNFAPKQ18,31/12/2023,17.98
251,01JGFSWD6YB1KQ8R9XG24EZ8R4,23/10/2023,9.98
252,01JGFSWD6XX4CQ4T270SCHEG10,15/04/2023,19.99
253,01JGFSWD4KGG24MQS357K4C88Q,18/01/2024,11.98
254,01JGFSWD3X1DX3HRB9T64KRWN1,03/01/2024,18.99
255,01JGFSWD1T1VWH5JX0K9A6DFH3,27/04/2023,22.99
256,01JGFSWD2GCEVAWCQZBXJD29VX,17/01/2023,23.56
257,01JGFSWD1YF4QSY90SVFF74HZ1,07/08/2023,29.99
258,01JGFSWD6PTRYJ2JAVW5TZH2Q1,28/07/2023,109.99
259,01JGFSWD8FJSDY4Y7HW2CX8J3G,13/08/2023,35.4
260,01JGFSWD2M4XXW1FFRFVTB8Z2B,29/08/2024,396.93
261,01JGFSWD6Q2TQFCH6GV6M2DFC4,17/10/2024,27.95
262,01JGFSWD8BDE43S77ESM1KKQQC,22/06/2023,143.99
263,01JGFSWD6T2SCGMBVSXEBJZV3F,18/08/2024,89.9
264,01JGFSWD5D4HCSX0CT0VMNZ4RZ,30/04/2023,0.0
265,01JGFSWD7W38SWZ4CDVWD3H53Y,21/07/2024,50.64
266,01JGFSWD636Y6G8NG0T6Q61HVG,21/12/2023,49.18
267,01JGFSWD6JS2R5YQQV8AHAWFDH,16/02/2024,35.98
268,01JGFSWD66Q3GEV6TR2F68SVZR,29/10/2023,45.8
269,01JGFSWD8FC636KS49W32JHY5X,04/12/2023,56.67
270,01JGFSWD1SGN8ACP0XPP9YW9WV,28/12/2024,0.0
271,01JGFSWD51CN9TC3MS2H7G8GQ3,16/02/2024,18.68
272,01JGFSWD2DT8G7CTJRK978NB4Y,12/08/2024,219.98
273,01JGFSWD7FPK8MKZBAV6JQ9HNT,08/03/2024,26.67
274,01JGFSWD7PQC8K15NQ17FB49FZ,25/01/2024,71.97
275,01JGFSWD23DNHDMRHP5T2DVGMZ,13/01/2024,254.94
276,01JGFSWD6MZB2ZW275G7350605,20/08/2023,17.97
277,01JGFSWD2WR5X0W3BQ7TAGRJKA,02/09/2023,0.0
278,01JGFSWD1WN9PFWEXQZ2HBBB18,07/03/2023,17.97
279,01JGFSWD3MWHD3T5PE9VXHWZXZ,10/03/2023,13.99
280,01JGFSWD5MYDW7F5JBTA45DADS,26/12/2024,59.98
281,01JGFSWD61A70JN1TM6NR0V9MB,01/04/2024,19.62
282,01JGFSWD1ZJHCSXM84HNNG7GBJ,06/01/2024,41.97
283,01JGFSWD61247W88W3S2FZ94KS,10/01/2024,12.66
284,01JGFSWD6MZB2ZW275G7350605,28/04/2024,23.96
285,01JGFSWD50KNDN6R8YKDFMA4MK,14/07/2024,16.12
286,01JGFSWD88ER217MWS149X39Y9,10/04/2023,21.98
287,01JGFSWD60Y16VQGFC9JGCP93Q,04/08/2024,7.97
288,01JGFSWD2RV6PRQQXDMJX659E0,03/09/2024,70.0
289,01JGFSWD3QKBSEGRZGTEP7HPPP,13/03/2023,169.98
290,01JGFSWD4V2CQVQF1B0G0R1HAN,28/05/2024,9.99
291,01JGFSWD3J1EKN8RJ6BYDMK2JJ,10/05/2023,59.97
292,01JGFSWD5895B5F1H267M6C1K2,19/07/2023,36.2
293,01JGFSWD7Y2Q4AFN6NJCT7052A,27/10/2024,35.97
294,01JGFSWD6MS4VGPSFDPBZM9BAN,11/04/2023,137.97
295,01JGFSWD83TVN0MXA6WAT4ZJ0M,12/08/2024,11.78
296,01JGFSWD7KM2DXG6EJQ7WF05FX,12/09/2024,30.99
297,01JGFSWD4GGC9WSK5VATXDXD9F,28/06/2023,431.97
298,01JGFSWD81XNTB2WXN4W2RYDZJ,16/02/2024,14.99
299,01JGFSWD6N3ZPA44ZQTSREDEBE,07/04/2023,142.0
300,01JGFSWD4MS7K6QABTE8J4XFHB,09/07/2024,83.98
301,01JGFSWD1RVE65FCM6B1X0077K,21/12/2023,19.98
302,01JGFSWD75MEHJMZBY4W7A9Y54,29/10/2023,85.96
303,01JGFSWD7SRYSR4WQ0EHVS0001,11/04/2023,0.0
304,01JGFSWD6MS4VGPSFDPBZM9BAN,03/12/2023,49.98
305,01JGFSWD3BNQFHZ6AKBZ87R2PW,23/04/2023,6.99
306,01JGFSWD6HBXB58TK78QDAKHP9,23/08/2023,399.98
307,01JGFSWD1T1VWH5JX0K9A6DFH3,27/03/2024,56.97
308,01JGFSWD5S86REDQBQJV88Z2BW,04/06/2024,38.97
309,01JGFSWD6K3B5N75XN4BSYGEV4,31/07/2023,85.98
310,01JGFSWD3WEZH6QDPYAMW9DWW5,30/07/2024,16.99
311,01JGFSWD6AC0J12NEE3X5H3VN2,08/01/2024,37.98
312,01JGFSWD5E41CNNZGX5FS5AA16,07/04/2023,37.98
313,01JGFSWD7EJ5FHXEF7B25HKEVQ,27/04/2024,159.98
314,01JGFSWD1BKW3Z2N55HT4DDA03,25/01/2024,37.98
315,01JGFSWD2HVXV7QBQJ5VXQVXRV,08/12/2023,29.61
316,01JGFSWD7RDACHYS2AFD376747,08/10/2023,29.97
317,01JGFSWD8GHZMKRD5FRWM9A5CA,03/01/2023,74.97
318,01JGFSWD23DNHDMRHP5T2DVGMZ,24/05/2024,35.97
319,01JGFSWD82HEHG80R6CGD26RP4,31/03/2024,29.97
320,01JGFSWD60C7FTRNAWRZ9S86PC,19/04/2023,89.97
321,01JGFSWD751N574V317XTM936M,23/07/2023,41.67
322,01JGFSWD39D6CM5TF1DA7X9DAR,01/09/2023,35.0
323,01JGFSWD2Y1EG6M60H3WMPGEX5,10/01/2024,27.98
324,01JGFSWD7FPK8MKZBAV6JQ9HNT,07/03/2023,29.99
325,01JGFSWD20F5VYQ0H8PMQRZJCA,09/04/2024,18.98
326,01JGFSWD47623ESFCCT3K4SD11,06/01/2024,150.99
327,01JGFSWD3WSJW2M4PV7KD4ZJFP,30/07/2023,37.99
328,01JGFSWD50GSQQTWH41WWSR3Z5,03/02/2024,0.0
329,01JGFSWD6B3E050064YQK782WV,17/06/2024,8.97
330,01JGFSWD7MTJTDQ9ZFWZ6AEYF3,22/04/2023,599.98
331,01JGFSWD22SCW8HJYAB1YNJBD0,17/07/2023,8.69
332,01JGFSWD2SDC60J3BESEA98RH9,10/09/2024,11.99
333,01JGFSWD6Q2TQFCH6GV6M2DFC4,11/05/2023,449.97
334,01JGFSWD2Z3PVHJ4N2GHRD0F43,23/06/2024,1575.0
335,01JGFSWD4KGG24MQS357K4C88Q,11/01/2024,27.78
336,01JGFSWD5288TZZ9M3X68T4KDZ,28/05/2023,17.99
337,01JGFSWD7J5EA533WEBMM4XK69,24/02/2024,0.0
338,01JGFSWD7896CKV33E7HKA00CM,01/11/2023,18.99
339,01JGFSWD1SXFWMSWT6CRSPKWSB,04/07/2023,148.5
340,01JGFSWD5895B5F1H267M6C1K2,16/11/2023,119.97
341,01JGFSWD35F37W1VJDPHET8Z1E,17/04/2024,22.47
342,01JGFSWD89QYJ1E1GY888V8RK2,18/03/2024,92.97
343,01JGFSWD2ED23Y68V50PRQDP3M,08/09/2023,89.0
344,01JGFSWD1K0ZHNV7AJFJVS39YQ,27/07/2024,49.98
345,01JGFSWD36PTAFF4D25X1VC5P7,17/04/2023,0.0
346,01JGFSWD4E6VF66DCWXP1937DP,12/04/2024,0.0
347,01JGFSWD308V4YYMMYKNR14C9G,01/10/2023,11.98
348,01JGFSWD1Q83A83MZ5PBRFMGTM,15/02/2023,19.99
349,01JGFSWD3CHVQWD6025PXSNG15,28/07/2024,149.97
350,01JGFSWD4W485QT21Z5QMXP6E8,23/01/2023,29.98
351,01JGFSWD4Z2G353JVFE5CBKDQ8,14/08/2023,13.07
352,01JGFSWD6XX4CQ4T270SCHEG10,06/09/2024,7.99
353,01JGFSWD3QKBSEGRZGTEP7HPPP,11/10/2024,9.97
354,01JGFSWD7KM2DXG6EJQ7WF05FX,29/11/2023,13.99
355,01JGFSWD2Z3PVHJ4N2GHRD0F43,27/07/2024,22.15
356,01JGFSWD8600CWW68H76FX5QRA,20/06/2023,44.97
357,01JGFSWD5Q2XK4G1GVKGQSC41K,05/02/2024,65.97
358,01JGFSWD2WGXRPD5JWZSC7DRV2,12/11/2023,25.99
359,01JGFSWD4C7M91TJCVJS10XA3Y,01/10/2023,56.6
360,01JGFSWD3XVJYNQ53RFV0N160C,16/07/2023,12.66
361,01JGFSWD2K6GBHQC2NGV4MD4SY,13/11/2023,14.82
362,01JGFSWD2WGXRPD5JWZSC7DRV2,27/10/2024,25.94
363,01JGFSWD1J6C5CS1Y8EPMY04QW,23/05/2023,29.97
364,01JGFSWD7110WZXSA60HYPWPS2,01/07/2023,356.96999999999997
365,01JGFSWD2RA6ZAS6BDZ8ESNK94,23/03/2023,19.98
366,01JGFSWD3E3ZH2ME5SDSDZCE2W,25/06/2024,169.99
367,01JGFSWD81XNTB2WXN4W2RYDZJ,18/07/2023,13.89
368,01JGFSWD74HXG66VET9GK98MWW,29/01/2023,20.549999999999997
369,01JGFSWD53DF72824XMW7Y4HY7,15/12/2024,31.98
370,01JGFSWD5EEY4PXX0NTSA4GV0Y,07/10/2024,0.0
371,01JGFSWD6E20X6R7B0KW40ASM5,29/04/2024,47.97
372,01JGFSWD6KEZS635GE9AA1RFVV,29/04/2024,330.0
373,01JGFSWD69MDQGFQCKZBPAS5NQ,07/12/2023,60.87
374,01JGFSWD6GJQ3GJWTCZV39ZXJ8,13/05/2024,19.98
375,01JGFSWD6CB03Z40AXVZMV7E3R,28/06/2023,44.95
376,01JGFSWD76GXKC9SN4ZQDM44HB,21/08/2024,32.97
377,01JGFSWD1PKPV367DEM5XAJN1C,01/07/2023,79.78
378,01JGFSWD5HB6A60WY8Q20SPZ09,09/07/2024,19.98
379,01JGFSWD852MQEVVCDB93P9G6T,19/02/2024,79.98
380,01JGFSWD2SDC60J3BESEA98RH9,23/05/2023,38.13
381,01JGFSWD3PSXX13DQ6JP9M4DWW,08/03/2024,0.0
382,01JGFSWD2DT8G7CTJRK978NB4Y,24/09/2024,23.98
383,01JGFSWD3TY1YMVJDZ48ZK5WHE,17/01/2024,299.98
384,01JGFSWD1DPMAPDR4JEANF6WR6,26/02/2023,37.47
385,01JGFSWD61247W88W3S2FZ94KS,25/03/2024,119.67
386,01JGFSWD3QKBSEGRZGTEP7HPPP,24/05/2023,27.0
387,01JGFSWD561KZ0PD3QJPM6P9CX,23/09/2024,26.97
388,01JGFSWD3SRTJHDJCHFABPCHM5,05/11/2023,41.67
389,01JGFSWD1DMN1AE6XRN1BFENEW,16/10/2023,17.1
390,01JGFSWD7MTJTDQ9ZFWZ6AEYF3,29/03/2023,688.0
391,01JGFSWD6FF22AZNCH8V1RAYRV,25/06/2024,9.99
392,01JGFSWD2MXTTA0BTYRACHXGVD,21/02/2023,79.98
393,01JGFSWD6XDNVJ605VV8VS3750,18/04/2024,59.97
394,01JGFSWD5DD3Z1CYWZ6HE3BXYE,13/03/2024,32.2
395,01JGFSWD6XX4CQ4T270SCHEG10,12/07/2023,25.98
396,01JGFSWD5HB6A60WY8Q20SPZ09,04/06/2023,99.98
397,01JGFSWD7TCCN6N47BJBYXHAMG,13/04/2024,47.849999999999994
398,01JGFSWD6B3E050064YQK782WV,25/01/2024,53.97
399,01JGFSWD82HEHG80R6CGD26RP4,14/01/2024,14.95
400,01JGFSWD6MZB2ZW275G7350605,01/10/2023,15.99
401,01JGFSWD26J9EVBHJT7BT0RNV2,09/11/2023,59.98
402,01JGFSWD4B35WQ866WBFXK1STS,10/06/2023,57.98
403,01JGFSWD7110WZXSA60HYPWPS2,30/08/2023,47.97
404,01JGFSWD6ZY79PS5MHV3N2YM6R,04/12/2023,25.99
405,01JGFSWD6B3E050064YQK782WV,07/08/2024,37.98
406,01JGFSWD7H771038H4FTZ8PD1Z,15/03/2023,19.98
407,01JGFSWD77VEF4WH0HHJM8SYJG,20/02/2024,79.99
408,01JGFSWD276EGBA4NFK25TVV9Q,17/12/2023,0.0
409,01JGFSWD6VD3BDZJ4EN9AN98CJ,26/11/2023,179.98
410,01JGFSWD308V4YYMMYKNR14C9G,31/12/2023,59.97
411,01JGFSWD2BE9C5N17840TZ86SQ,26/06/2023,0.0
412,01JGFSWD7C6Q4S9QRVTK0ND2ET,21/02/2024,32.94
413,01JGFSWD49FNAEP0SKQC4R1066,28/09/2023,15.98
414,01JGFSWD3F2J6D6D57S09DXJJC,27/07/2024,39.98
415,01JGFSWD4DX3A8T8CC6T3TEM2E,10/12/2023,47.98
416,01JGFSWD2BY4YPMVWCDN86V49E,21/02/2024,56.67
417,01JGFSWD36PTAFF4D25X1VC5P7,09/11/2023,9.9
418,01JGFSWD5288TZZ9M3X68T4KDZ,17/02/2024,149.97
419,01JGFSWD6SY1C9A2PM5VBM9A85,21/06/2023,494.97
420,01JGFSWD68XMF7Y2KKGWMQS3FW,08/04/2023,0.0
421,01JGFSWD840KRN9EBHPDB5S1GC,28/06/2023,25.98
422,01JGFSWD77VEF4WH0HHJM8SYJG,19/04/2023,217.76
423,01JGFSWD20ABX2CYKEYYZ8QRJP,26/02/2024,449.97
424,01JGFSWD4F9N5QY569AR9KDP3B,24/09/2024,26.490000000000002
425,01JGFSWD3QKBSEGRZGTEP7HPPP,03/01/2023,59.0
426,01JGFSWD1J6C5CS1Y8EPMY04QW,24/05/2023,29.99
427,01JGFSWD8DMR23M3BNMZF6Q0SJ,08/12/2024,13.98
428,01JGFSWD577XGXCTP8S6PJ9CDT,08/12/2023,19.98
429,01JGFSWD1PKPV367DEM5XAJN1C,11/05/2024,77.97
430,01JGFSWD7BGTX46ZTC4SKXVYZ5,04/04/2023,104.85000000000001
431,01JGFSWD66H27GADR8G3AXJHPN,01/05/2023,0.0
432,01JGFSWD5HB6A60WY8Q20SPZ09,24/10/2024,55.949999999999996
433,01JGFSWD6486BJ928EV32S3186,30/07/2023,17.38
434,01JGFSWD5895B5F1H267M6C1K2,03/06/2024,150.99
435,01JGFSWD2C9THWYFGVEGR4SCX9,27/06/2023,449.97
436,01JGFSWD2A9VAH7743BENCR17J,27/01/2023,12.0
437,01JGFSWD7ZHAFXX5109D3RQ42X,06/10/2024,39.1
438,01JGFSWD5QDZDRFESC0TJYMXZ9,20/04/2023,24.99
439,01JGFSWD47PE3JNRBJNFAPKQ18,31/03/2023,29.94
440,01JGFSWD6EHQGDRCC5V0W045Z9,27/01/2023,13.99
441,01JGFSWD1DMN1AE6XRN1BFENEW,01/12/2024,149.97
442,01JGFSWD33XPDKQM87G9CA3NNY,01/09/2023,59.95
443,01JGFSWD6V9616ND99W3QKE8TG,15/09/2024,122.97
444,01JGFSWD7H771038H4FTZ8PD1Z,18/08/2024,73.98
445,01JGFSWD1T0DMRGDXG5FH5SSWG,13/08/2024,35.0
446,01JGFSWD28218TKJKZJQRASNMS,20/10/2024,245.99
447,01JGFSWD48HRY8BT8CFK6J0TVN,02/05/2023,25.99
448,01JGFSWD6CB03Z40AXVZMV7E3R,31/08/2024,20.97
449,01JGFSWD7PQC8K15NQ17FB49FZ,14/12/2023,64.32
450,01JGFSWD7RDACHYS2AFD376747,25/12/2023,0.0
451,01JGFSWD4S9W2GWBNPHDKWYVVX,09/02/2024,164.67000000000002
452,01JGFSWD1T1VWH5JX0K9A6DFH3,19/01/2024,137.97
453,01JGFSWD80Y8GW4JJZSCZY7X31,07/05/2024,23.99
454,01JGFSWD6YB1KQ8R9XG24EZ8R4,23/01/2024,394.87
455,01JGFSWD3DQC7K9G21KZGY0G8V,20/10/2024,23.97
456,01JGFSWD7G00V4BM4J4GZPHGE6,25/07/2023,207.98
457,01JGFSWD1FAMZYQN9S4YBDCYW1,21/02/2023,19.99
458,01JGFSWD35F37W1VJDPHET8Z1E,15/07/2024,446.6
459,01JGFSWD3QGNAZ42APPPX7ZPWT,27/06/2024,27.06
460,01JGFSWD4R58JJ3TT1VK3KRF7E,26/04/2024,8.97
461,01JGFSWD89QYJ1E1GY888V8RK2,20/10/2024,428.34
462,01JGFSWD7EGV45WG9TJVAM8D07,26/09/2023,31.9
463,01JGFSWD83TVN0MXA6WAT4ZJ0M,15/09/2024,149.97
464,01JGFSWD5895B5F1H267M6C1K2,20/08/2023,19.99
465,01JGFSWD3X1DX3HRB9T64KRWN1,29/08/2024,9.99
466,01JGFSWD82HEHG80R6CGD26RP4,21/12/2024,59.98
467,01JGFSWD636Y6G8NG0T6Q61HVG,07/03/2023,998.0
468,01JGFSWD3G6BWED3MX76S25A0S,30/03/2023,16.99
469,01JGFSWD6R7CYNA31H9STS5E4C,30/09/2023,95.97
470,01JGFSWD2FQBT64YBKGYGXY06B,29/10/2023,0.0
471,01JGFSWD1NJX9NKJ43PB4E6ED4,19/01/2024,29.94
472,01JGFSWD6N3ZPA44ZQTSREDEBE,08/08/2023,136.0
473,01JGFSWD76GXKC9SN4ZQDM44HB,15/06/2023,11.99
474,01JGFSWD392JWMPGM2AJQRG3S2,10/03/2024,53.97
475,01JGFSWD3RRF52V41QMYJNS6XN,13/02/2024,23.91
476,01JGFSWD5QDZDRFESC0TJYMXZ9,24/07/2023,15.870000000000001
477,01JGFSWD7TT5KY46ZFXJ0RWB6H,05/01/2023,6.99
478,01JGFSWD7KM2DXG6EJQ7WF05FX,24/06/2023,119.55000000000001
479,01JGFSWD22SCW8HJYAB1YNJBD0,10/02/2023,2304.0
480,01JGFSWD2ED23Y68V50PRQDP3M,30/08/2023,5163.0
481,01JGFSWD66Q3GEV6TR2F68SVZR,30/01/2024,165.98
482,01JGFSWD2Y1EG6M60H3WMPGEX5,16/02/2024,214.17
483,01JGFSWD39D6CM5TF1DA7X9DAR,01/12/2023,68.97
484,01JGFSWD7EGV45WG9TJVAM8D07,02/02/2024,179.8
485,01JGFSWD7AP1QRQYN2BZ1272XP,31/05/2024,35.99
486,01JGFSWD6B3E050064YQK782WV,27/12/2024,11.99
487,01JGFSWD7YMZB15MD3VN8ZHR9T,29/09/2023,59.3
488,01JGFSWD791ERQDDMVVHEGCDWT,30/01/2023,69.98
489,01JGFSWD5HAR3BZ88TG7Y5CJ5N,20/06/2023,54.0
490,01JGFSWD5GSGFB6GWKNEPF5J56,27/10/2024,89.99
491,01JGFSWD3K3N8WXD7P8NN65TVP,23/07/2023,39.98
492,01JGFSWD8GHZMKRD5FRWM9A5CA,24/04/2024,57.78
493,01JGFSWD5JFZSNEPTXX0BAYF1Q,08/08/2023,53.099999999999994
494,01JGFSWD7110WZXSA60HYPWPS2,18/06/2024,39.8
495,01JGFSWD8A5V7ERN3ZMMVJXVAP,21/04/2023,19.5
496,01JGFSWD7YMZB15MD3VN8ZHR9T,13/04/2024,26.16
497,01JGFSWD3J8K18N2M4YY8PKX8V,26/11/2024,17.98
498,01JGFSWD6PTRYJ2JAVW5TZH2Q1,11/05/2023,59.22
499,01JGFSWD1Q83A83MZ5PBRFMGTM,27/10/2024,16.88
500,01JGFSWD4TP6S4P3Z9V4KPXSQ0,29/09/2024,41.99
501,01JGFSWD6N3ZPA44ZQTSREDEBE,01/05/2023,55.98
502,01JGFSWD7Q6W1VZ70AC5BMRJHF,02/10/2024,0.0
503,01JGFSWD76R7QND42H9Z0CF049,18/12/2023,56.67
504,01JGFSWD3NV7QH8H5D99JD7VK5,04/07/2023,36.0
505,01JGFSWD1C7SEG3HV8CAJ3MY5H,21/04/2023,13.32
506,01JGFSWD5HAR3BZ88TG7Y5CJ5N,11/12/2024,73.78
507,01JGFSWD840KRN9EBHPDB5S1GC,21/08/2024,43.98
508,01JGFSWD4GGC9WSK5VATXDXD9F,10/07/2023,41.99
509,01JGFSWD6GJQ3GJWTCZV39ZXJ8,12/07/2024,77.97
510,01JGFSWD76GXKC9SN4ZQDM44HB,31/03/2023,185.9
511,01JGFSWD1RDP5T72XBVFYXP7N6,18/12/2024,23.97
512,01JGFSWD5GZ1HHYDBCHQA5QZ9E,14/10/2024,16.04
513,01JGFSWD5X2RB31Q6W41GTM0RM,15/11/2023,44.97
514,01JGFSWD7WJC8KD0DGHF718A1R,21/10/2023,29.97
515,01JGFSWD5288TZZ9M3X68T4KDZ,09/06/2023,53.849999999999994
516,01JGFSWD50KNDN6R8YKDFMA4MK,12/11/2023,16.99
517,01JGFSWD3PSXX13DQ6JP9M4DWW,19/05/2024,29.99
518,01JGFSWD3GSZGT8XDR2WHSKG6E,06/12/2023,16.12
519,01JGFSWD308V4YYMMYKNR14C9G,27/12/2023,13.98
520,01JGFSWD2K6GBHQC2NGV4MD4SY,13/01/2024,99.9
521,01JGFSWD5WACSBGN3NGAEWMH58,24/08/2024,80.97
522,01JGFSWD7EJ5FHXEF7B25HKEVQ,22/02/2023,20.97
523,01JGFSWD3PSXX13DQ6JP9M4DWW,26/10/2023,56.97
524,01JGFSWD4Z2G353JVFE5CBKDQ8,12/10/2024,6.99
525,01JGFSWD5ABFA3A1E6FVGWJ9VP,25/12/2024,19.98
526,01JGFSWD37QFBDYCWP4F7SZKJ2,01/10/2023,6.99
527,01JGFSWD75MEHJMZBY4W7A9Y54,02/10/2024,89.97
528,01JGFSWD3445DZ813AZA8S6EPE,10/11/2024,98.42
529,01JGFSWD7EJ5FHXEF7B25HKEVQ,08/02/2023,13.99
530,01JGFSWD774GT5E9F7N36BHWFE,27/04/2024,97.98
531,01JGFSWD2SDC60J3BESEA98RH9,13/07/2023,118.6
532,01JGFSWD5FQ8R9TFPV0T1QPXST,14/07/2024,17.18
533,01JGFSWD61247W88W3S2FZ94KS,03/08/2023,389.97
534,01JGFSWD3MWHD3T5PE9VXHWZXZ,15/02/2023,119.97
535,01JGFSWD7KM2DXG6EJQ7WF05FX,03/05/2023,35.98
536,01JGFSWD3660NZ3AENV38VR7KT,20/11/2024,25.47
537,01JGFSWD1FAMZYQN9S4YBDCYW1,18/06/2024,229.0
538,01JGFSWD46PTS3RN8Q8BTPHBA5,20/08/2023,39.99
539,01JGFSWD8E94SAKRFNWVWCNVKW,25/05/2024,42.99
540,01JGFSWD4H3TQNRZ3CBAPZHZM5,15/12/2023,91.47
541,01JGFSWD24RRP37J28E5ENAH7Q,18/11/2023,23.98
542,01JGFSWD1AV0858F0Z22P0V3VN,08/12/2023,5.99
543,01JGFSWD7TT5KY46ZFXJ0RWB6H,28/06/2024,2488.86
544,01JGFSWD4P0SHYRQA3PV7GS9B7,10/03/2024,65.97
545,01JGFSWD20ABX2CYKEYYZ8QRJP,23/11/2023,23.91
546,01JGFSWD2XJMXXCQNPRJRJNWME,06/09/2024,76.47
547,01JGFSWD2MXTTA0BTYRACHXGVD,29/04/2024,73.98
548,01JGFSWD5HAR3BZ88TG7Y5CJ5N,01/06/2023,69.1
549,01JGFSWD3FX7HDD2J9QEPWPE19,03/05/2023,14.97
550,01JGFSWD7H771038H4FTZ8PD1Z,24/03/2023,143.99
551,01JGFSWD30AG09ECD3HE6XQ8B8,13/04/2023,74.97
552,01JGFSWD7EGV45WG9TJVAM8D07,31/03/2023,24.99
553,01JGFSWD6FF22AZNCH8V1RAYRV,21/03/2023,137.97
554,01JGFSWD55BXHQ6W3EX8MKZKXE,24/04/2023,17.98
555,01JGFSWD1VB5PD71CKKMQH6HPH,05/06/2023,5.99
556,01JGFSWD3B7HFQ87BFZQG6Q2MF,28/05/2024,0.0
557,01JGFSWD7PQC8K15NQ17FB49FZ,23/09/2023,39.99
558,01JGFSWD711CJXHYBX3594BK93,26/04/2023,11.99
559,01JGFSWD70NEX7W5AESKBVHD12,31/01/2024,59.849999999999994
560,01JGFSWD4N0P43QQSE7BB59T2X,06/03/2023,37.09
561,01JGFSWD4JWKQ820BB6A56KTYW,05/09/2023,38.94
562,01JGFSWD5N081S9WRNKJHJRVGP,20/05/2024,69.0
563,01JGFSWD3MZTYSWWCN9EP48FNR,09/07/2023,17.97
564,01JGFSWD2Z3PVHJ4N2GHRD0F43,24/02/2023,47.98
565,01JGFSWD7KM2DXG6EJQ7WF05FX,20/10/2023,158.4
566,01JGFSWD4Y0M2J5RGTTWP72E4X,13/04/2024,119.97
567,01JGFSWD4S9W2GWBNPHDKWYVVX,07/05/2023,0.0
568,01JGFSWD83HWW6SPHQ254EAFY0,20/01/2023,33.98
569,01JGFSWD4E6VF66DCWXP1937DP,10/12/2024,84.99
570,01JGFSWD7TCCN6N47BJBYXHAMG,25/12/2024,59.98
571,01JGFSWD4WM5SVH2M8SBFZ0YEZ,29/09/2024,25.98
572,01JGFSWD1DMN1AE6XRN1BFENEW,03/12/2024,31.98
573,01JGFSWD546JZQTQHP7BDAHQCM,16/07/2023,44.97
574,01JGFSWD7WJC8KD0DGHF718A1R,19/06/2023,3504.54
575,01JGFSWD7H771038H4FTZ8PD1Z,28/07/2023,13.7
576,01JGFSWD5HAR3BZ88TG7Y5CJ5N,18/10/2024,1095.0
577,01JGFSWD2M4XXW1FFRFVTB8Z2B,05/07/2023,116.64000000000001
578,01JGFSWD5D4HCSX0CT0VMNZ4RZ,07/10/2024,86.88
579,01JGFSWD1RDP5T72XBVFYXP7N6,07/04/2023,340.1
580,01JGFSWD82H240PJACWGYM5N3W,06/10/2023,750.0
581,01JGFSWD1PKPV367DEM5XAJN1C,12/05/2023,105.0
582,01JGFSWD561KZ0PD3QJPM6P9CX,28/01/2024,19.98
583,01JGFSWD7QKK4RPPZZ7PE4F1MR,19/06/2023,50.94
584,01JGFSWD2Y7M8AZ9DQQJBTRJ45,13/04/2023,19.98
585,01JGFSWD26J9EVBHJT7BT0RNV2,27/08/2024,19.99
586,01JGFSWD6T2SCGMBVSXEBJZV3F,06/04/2023,13.88
587,01JGFSWD577XGXCTP8S6PJ9CDT,19/04/2023,446.6
588,01JGFSWD2DT8G7CTJRK978NB4Y,02/04/2023,19.98
589,01JGFSWD6TNJRDWCT2G5TPXE3Q,06/08/2024,19.5
590,01JGFSWD35NQ3F0N2W4J46NKYT,28/02/2024,0.0
591,01JGFSWD3J8K18N2M4YY8PKX8V,28/02/2023,15.98
592,01JGFSWD8FC636KS49W32JHY5X,06/01/2023,29.98
593,01JGFSWD8HMVHSW97JXHS8FVH2,15/03/2023,6.99
594,01JGFSWD774GT5E9F7N36BHWFE,21/05/2023,34.99
595,01JGFSWD308V4YYMMYKNR14C9G,14/08/2023,357.0
596,01JGFSWD1E4QV53MT1PR7NDGA4,19/12/2024,11.99
597,01JGFSWD4JWKQ820BB6A56KTYW,11/06/2024,339.98
598,01JGFSWD5WV9NZ1WQBGH12BA7Q,05/01/2023,1190.0
599,01JGFSWD1K7YQ73AG21NC6SNJC,23/11/2024,23.97
600,01JGFSWD4GWBENFMWH855HHFZT,08/03/2023,71.03999999999999
601,01JGFSWD4FV5ZWCM2KJGG41JCW,01/01/2024,59.96
602,01JGFSWD6YB1KQ8R9XG24EZ8R4,25/11/2023,56.97
603,01JGFSWD2S60AVB160Q5SR9KK8,19/09/2023,0.0
604,01JGFSWD8DMR23M3BNMZF6Q0SJ,05/07/2024,35.96
605,01JGFSWD5EEY4PXX0NTSA4GV0Y,02/12/2023,31.18
606,01JGFSWD746VR5TQAMWENVBPE5,24/10/2024,20.0
607,01JGFSWD4GWBENFMWH855HHFZT,18/04/2024,25.98
608,01JGFSWD751N574V317XTM936M,06/08/2023,25.98
609,01JGFSWD3BNQFHZ6AKBZ87R2PW,31/01/2024,49.99
610,01JGFSWD7MTJTDQ9ZFWZ6AEYF3,10/04/2023,78.48
611,01JGFSWD7BWSZXPPM9SHB7NCNN,22/06/2024,27.96
612,01JGFSWD5J915H54SWKVR0G0J9,13/09/2023,39.99
613,01JGFSWD5DD3Z1CYWZ6HE3BXYE,23/12/2024,7.89
614,01JGFSWD5WACSBGN3NGAEWMH58,07/08/2024,59.97
615,01JGFSWD33XPDKQM87G9CA3NNY,13/09/2023,125.97
616,01JGFSWD5E41CNNZGX5FS5AA16,03/10/2024,47.98
617,01JGFSWD4N0P43QQSE7BB59T2X,18/09/2024,37.99
618,01JGFSWD4KGG24MQS357K4C88Q,30/08/2023,339.9
619,01JGFSWD2Z3PVHJ4N2GHRD0F43,17/11/2024,39.99
620,01JGFSWD3BNQFHZ6AKBZ87R2PW,08/11/2023,28.89
621,01JGFSWD4C1VRMY61GH96ZZRGC,06/06/2024,31.9
622,01JGFSWD689P75YR4PA02GP4RS,15/12/2024,59.9
623,01JGFSWD5GZ1HHYDBCHQA5QZ9E,08/10/2023,109.99
624,01JGFSWD5N081S9WRNKJHJRVGP,26/05/2024,29.99
625,01JGFSWD7C6Q4S9QRVTK0ND2ET,18/12/2023,17.98
626,01JGFSWD2GJTX80R35XT0XEWZN,13/02/2023,23.669999999999998
627,01JGFSWD3GSZGT8XDR2WHSKG6E,15/10/2024,39.99
628,01JGFSWD3RRF52V41QMYJNS6XN,25/02/2023,29.849999999999998
629,01JGFSWD392JWMPGM2AJQRG3S2,06/01/2023,71.98
630,01JGFSWD5D4HCSX0CT0VMNZ4RZ,12/02/2024,146.97
631,01JGFSWD495Z19DN59YSK02G5X,12/02/2023,14.97
632,01JGFSWD4SMTFDTES5VV28FB32,07/09/2024,45.99
633,01JGFSWD3E3ZH2ME5SDSDZCE2W,19/02/2023,17.99
634,01JGFSWD746VR5TQAMWENVBPE5,24/12/2023,56.97
635,01JGFSWD50KNDN6R8YKDFMA4MK,10/08/2024,16.99
636,01JGFSWD7JB73G7PBDZWPBK2JZ,03/03/2024,56.97
637,01JGFSWD6MZB2ZW275G7350605,02/06/2023,254.96999999999997
638,01JGFSWD1C7SEG3HV8CAJ3MY5H,04/12/2023,2978.6
639,01JGFSWD4VS1HHR1TJFA2MCM4R,17/06/2024,23.97
640,01JGFSWD5Q2XK4G1GVKGQSC41K,27/05/2023,163.36
641,01JGFSWD4EHRBQ794ZTN9PVF0J,05/03/2023,39.69
642,01JGFSWD4H3TQNRZ3CBAPZHZM5,12/12/2023,56.97
643,01JGFSWD595KVJSG0X8HJ2RR9T,25/06/2024,18.8
644,01JGFSWD7JB73G7PBDZWPBK2JZ,21/10/2023,59.98
645,01JGFSWD2JM7AM4Z14N60SJE8E,18/06/2023,59.0
646,01JGFSWD3X1DX3HRB9T64KRWN1,12/05/2024,74.97
647,01JGFSWD8C08NZG7EM7S0M2EZB,29/12/2023,9.99
648,01JGFSWD6GJQ3GJWTCZV39ZXJ8,12/08/2023,299.96999999999997
649,01JGFSWD3B7HFQ87BFZQG6Q2MF,14/04/2023,13.89
650,01JGFSWD8C08NZG7EM7S0M2EZB,25/09/2023,31.98
651,01JGFSWD751N574V317XTM936M,09/11/2023,119.97
652,01JGFSWD2ZC62EKZ33P0W2WMKF,23/03/2024,109.92
653,01JGFSWD3445DZ813AZA8S6EPE,23/05/2023,9.99
654,01JGFSWD7RDACHYS2AFD376747,16/10/2023,17.68
655,01JGFSWD8600CWW68H76FX5QRA,13/07/2023,15.98
656,01JGFSWD50KNDN6R8YKDFMA4MK,02/05/2023,19.99
657,01JGFSWD384CF6W41CX0WFSGHN,09/01/2024,10.99
658,01JGFSWD7896CKV33E7HKA00CM,06/02/2023,47.98
659,01JGFSWD33XPDKQM87G9CA3NNY,26/01/2023,6.99
660,01JGFSWD4R58JJ3TT1VK3KRF7E,14/03/2023,47.849999999999994
661,01JGFSWD7AJ9NCP1CFPS7ZATHD,20/02/2023,119.97
662,01JGFSWD4B2QM0FEH4STYXAH89,08/06/2024,6.99
663,01JGFSWD2RA6ZAS6BDZ8ESNK94,28/05/2023,32.55
664,01JGFSWD1YF4QSY90SVFF74HZ1,08/12/2024,27.98
665,01JGFSWD5QDZDRFESC0TJYMXZ9,30/01/2024,118.99
666,01JGFSWD5TVAGDBSFGM60NZ5TS,03/06/2024,128.97
667,01JGFSWD5YJJ4YZAWCTS379P07,03/04/2023,28.99
668,01JGFSWD8E94SAKRFNWVWCNVKW,10/06/2024,47.19
669,01JGFSWD60Y16VQGFC9JGCP93Q,01/04/2024,16.09
670,01JGFSWD6E20X6R7B0KW40ASM5,16/02/2023,19.98
671,01JGFSWD1PDQESE5ZVHWJ4MMVV,16/08/2023,61.96
672,01JGFSWD5J915H54SWKVR0G0J9,05/02/2023,81.89
673,01JGFSWD48HRY8BT8CFK6J0TVN,29/07/2023,147.0
674,01JGFSWD3DQC7K9G21KZGY0G8V,01/06/2023,389.97
675,01JGFSWD4EHRBQ794ZTN9PVF0J,03/03/2023,9.99
676,01JGFSWD89V862YXK3S97DA8CE,21/09/2024,89.97
677,01JGFSWD8A5V7ERN3ZMMVJXVAP,01/07/2023,15.0
678,01JGFSWD8C228TR28YSDH3CTQ3,08/06/2024,29.69
679,01JGFSWD50GSQQTWH41WWSR3Z5,05/03/2024,1049.85
680,01JGFSWD8GHZMKRD5FRWM9A5CA,03/06/2024,33.98
681,01JGFSWD7K90BHYVW2XGBEFZ5T,21/05/2024,44.910000000000004
682,01JGFSWD2MXTTA0BTYRACHXGVD,07/03/2024,49.21
683,01JGFSWD2QWWD8M32AHFFBMNMV,21/04/2023,13.89
684,01JGFSWD73D432YBR665WGB4GY,10/11/2024,14.98
685,01JGFSWD2K6GBHQC2NGV4MD4SY,21/10/2024,57.78
686,01JGFSWD51CN9TC3MS2H7G8GQ3,23/08/2023,29.97
687,01JGFSWD6SR7G7ZEK7APKVXX5D,31/07/2024,23.99
688,01JGFSWD3MWHD3T5PE9VXHWZXZ,17/08/2024,31.99
689,01JGFSWD24PZFPGF27JC41VWQZ,07/04/2024,5.49
690,01JGFSWD4TCDGR17GJ9NH4KZCN,31/03/2023,27.57
691,01JGFSWD4HT9DTSHD0TPB1K3QQ,12/04/2023,77.97
692,01JGFSWD3RRF52V41QMYJNS6XN,12/01/2024,239.96999999999997
693,01JGFSWD5TDMFW67Q3WY9315CC,04/07/2023,29.67
694,01JGFSWD70NEX7W5AESKBVHD12,07/08/2024,26.97
695,01JGFSWD7J5EA533WEBMM4XK69,21/11/2024,37.980000000000004
696,01JGFSWD8BDE43S77ESM1KKQQC,04/02/2023,69.99
697,01JGFSWD3GSZGT8XDR2WHSKG6E,07/06/2024,19.98
698,01JGFSWD55BXHQ6W3EX8MKZKXE,12/09/2024,40.99
699,01JGFSWD7D4NEBBYBYQRNKY7PG,20/05/2023,15.94
700,01JGFSWD50KNDN6R8YKDFMA4MK,27/12/2023,0.0
701,01JGFSWD4TP6S4P3Z9V4KPXSQ0,25/02/2024,14.99
702,01JGFSWD8BYZ6PCDDE568TQGZQ,27/06/2023,45.98
703,01JGFSWD1MN0CP5JRH80QZZRSP,12/08/2023,20.67
704,01JGFSWD50KNDN6R8YKDFMA4MK,09/08/2024,139.98
705,01JGFSWD7N6H9NC9QJDDM65SBN,20/05/2023,35.98
706,01JGFSWD48P061S2Z727MNGHED,28/08/2024,0.0
707,01JGFSWD3K3N8WXD7P8NN65TVP,30/06/2024,168.62
708,01JGFSWD76R7QND42H9Z0CF049,15/12/2024,62.010000000000005
709,01JGFSWD4E6VF66DCWXP1937DP,05/04/2024,9.99
710,01JGFSWD2BY4YPMVWCDN86V49E,23/10/2023,446.71
711,01JGFSWD4NCMBW3CCXG2ABFJ3P,04/01/2024,31.98
712,01JGFSWD48P061S2Z727MNGHED,06/06/2024,15.98
713,01JGFSWD4C1VRMY61GH96ZZRGC,13/01/2024,41.67
714,01JGFSWD7PQC8K15NQ17FB49FZ,17/03/2023,39.96
715,01JGFSWD5S86REDQBQJV88Z2BW,21/02/2023,428.93999999999994
716,01JGFSWD3PSXX13DQ6JP9M4DWW,15/05/2024,54.89
717,01JGFSWD5P8RYH8EDYTG8HJCB2,02/04/2023,31.98
718,01JGFSWD24RRP37J28E5ENAH7Q,05/10/2024,13.98
719,01JGFSWD3H1NEM5NTWCC4D7YX5,30/09/2023,194.96999999999997
720,01JGFSWD7CBBS4WK15T4EB34TW,16/11/2023,26.97
721,01JGFSWD4AXAGV38A9EGAEFD1N,18/09/2023,56.97
722,01JGFSWD1HFPTE7SX6XP23WKKV,30/05/2024,29.99
723,01JGFSWD3DGV2DWBNBSZ04KQSW,16/08/2024,83.85
724,01JGFSWD6T2SCGMBVSXEBJZV3F,25/05/2023,74.85
725,01JGFSWD82H240PJACWGYM5N3W,18/01/2024,25.99
726,01JGFSWD6KEZS635GE9AA1RFVV,26/10/2024,21.68
727,01JGFSWD6MZB2ZW275G7350605,25/09/2023,77.97
728,01JGFSWD3B7HFQ87BFZQG6Q2MF,31/05/2023,19.98
729,01JGFSWD2WGXRPD5JWZSC7DRV2,26/07/2024,119.97
730,01JGFSWD3F2J6D6D57S09DXJJC,08/08/2023,51.98
731,01JGFSWD4KGG24MQS357K4C88Q,04/10/2024,29.99
732,01JGFSWD7V3HXZ0AHWYH9TDNKK,14/03/2023,11.98
733,01JGFSWD27KWCM6Q51J90A9BM5,30/12/2024,11.44
734,01JGFSWD38633SD1Y1CJZSDZRB,22/10/2023,9.99
735,01JGFSWD2FSM71QB69ECTRZDYN,18/07/2024,65.57
736,01JGFSWD7AP1QRQYN2BZ1272XP,11/12/2023,64.99
737,01JGFSWD82H240PJACWGYM5N3W,16/11/2023,89.9
738,01JGFSWD2M4XXW1FFRFVTB8Z2B,31/05/2024,72.78
739,01JGFSWD3WEZH6QDPYAMW9DWW5,20/02/2024,83.94
740,01JGFSWD63NFE8XDTAGN5Q4KXQ,23/07/2023,110.97
741,01JGFSWD65FNCQGES6DECY9MKJ,08/11/2024,16.99
742,01JGFSWD3K3N8WXD7P8NN65TVP,24/10/2024,6.99
743,01JGFSWD25NC6XGYD4NK8ZPDKM,28/09/2024,229.0
744,01JGFSWD2PP5KJ2PZW1E343879,26/10/2023,74.97
745,01JGFSWD6N372TZ5DNVQDTWJXC,07/07/2023,39.24
746,01JGFSWD3CHVQWD6025PXSNG15,07/11/2023,66.38
747,01JGFSWD25NC6XGYD4NK8ZPDKM,11/03/2024,17.66
748,01JGFSWD384CF6W41CX0WFSGHN,17/08/2024,119.97
749,01JGFSWD4P0SHYRQA3PV7GS9B7,25/03/2023,31.98
750,01JGFSWD25XDKRVH6W3DCFAB71,17/07/2023,15.99
751,01JGFSWD2K6CWM3KQ9WRW7ZNGD,12/12/2023,17.99
752,01JGFSWD7K90BHYVW2XGBEFZ5T,29/10/2023,146.97
753,01JGFSWD6H1CM7ZQWDPAZ00EMM,03/01/2024,31.98
754,01JGFSWD1C7SEG3HV8CAJ3MY5H,23/08/2024,38.94
755,01JGFSWD2MXTTA0BTYRACHXGVD,12/11/2023,26.97
756,01JGFSWD2TFVDWXBYX1N2G6Y41,04/06/2023,40.58
757,01JGFSWD746VR5TQAMWENVBPE5,24/09/2024,97.98
758,01JGFSWD83HWW6SPHQ254EAFY0,21/09/2024,15.99
759,01JGFSWD1NJX9NKJ43PB4E6ED4,25/09/2024,15.6
760,01JGFSWD577XGXCTP8S6PJ9CDT,21/02/2024,77.0
761,01JGFSWD22FHQW7965XGGAD3NG,16/10/2024,9.99
762,01JGFSWD1SXFWMSWT6CRSPKWSB,24/11/2023,9.99
763,01JGFSWD7H771038H4FTZ8PD1Z,07/04/2023,43.44
764,01JGFSWD4Q40323BHZRCM4HCDC,02/12/2024,19.5
765,01JGFSWD6VD3BDZJ4EN9AN98CJ,28/05/2024,339.98
766,01JGFSWD3445DZ813AZA8S6EPE,17/05/2024,47.97
767,01JGFSWD66Q3GEV6TR2F68SVZR,07/03/2024,92.97
768,01JGFSWD62Q373D90C63KV1XEY,16/01/2024,268.98
769,01JGFSWD81XNTB2WXN4W2RYDZJ,01/01/2024,8.49
770,01JGFSWD7W38SWZ4CDVWD3H53Y,29/04/2023,59.96
771,01JGFSWD5N081S9WRNKJHJRVGP,21/06/2023,65.97
772,01JGFSWD7J5EA533WEBMM4XK69,19/04/2024,21.96
773,01JGFSWD87ASPXTV90D7Y9JY1J,16/01/2023,52.32
774,01JGFSWD82HEHG80R6CGD26RP4,22/07/2023,18.99
775,01JGFSWD33XPDKQM87G9CA3NNY,27/03/2023,32.95
776,01JGFSWD2Y7M8AZ9DQQJBTRJ45,10/11/2024,19.98
777,01JGFSWD2HEFT3CXFF57R0JD0P,17/04/2023,79.78
778,01JGFSWD35F37W1VJDPHET8Z1E,06/05/2024,55.98
779,01JGFSWD1G7YG9Y9VEHGPFER68,29/08/2024,57.78
780,01JGFSWD1HFPTE7SX6XP23WKKV,15/04/2024,18.68
781,01JGFSWD35NQ3F0N2W4J46NKYT,14/09/2023,24.0
782,01JGFSWD5GSGFB6GWKNEPF5J56,16/08/2024,25.99
783,01JGFSWD4F9N5QY569AR9KDP3B,06/07/2023,23.98
784,01JGFSWD852MQEVVCDB93P9G6T,13/01/2023,39.9
785,01JGFSWD6K3B5N75XN4BSYGEV4,08/08/2023,38.97
786,01JGFSWD32AF6Y14J46037P1PX,17/01/2024,38.94
787,01JGFSWD5CXQ0J2N2VE4JEH11T,07/03/2024,77.97
788,01JGFSWD6W24TQVPH3Z5CPV3AG,08/01/2024,8.88
789,01JGFSWD7JB73G7PBDZWPBK2JZ,04/02/2023,15.98
790,01JGFSWD58KNWVWJZKXSB9XRX9,21/11/2023,24.99
791,01JGFSWD6CB03Z40AXVZMV7E3R,22/06/2023,59.98
792,01JGFSWD5FDXCTA9ST5REE3B8R,22/12/2024,6.66
793,01JGFSWD4AW1Y40T5196HVJ59X,29/08/2023,8.18
794,01JGFSWD2K6GBHQC2NGV4MD4SY,03/01/2024,59.0
795,01JGFSWD6B3E050064YQK782WV,18/07/2023,11.98
796,01JGFSWD20F5VYQ0H8PMQRZJCA,20/09/2023,26.07
797,01JGFSWD5N7FAF3YJ28ZP3EZ6J,08/03/2024,1.45
798,01JGFSWD3FX7HDD2J9QEPWPE19,29/01/2024,169.95
799,01JGFSWD6GJQ3GJWTCZV39ZXJ8,24/06/2024,13.96
800,01JGFSWD48P061S2Z727MNGHED,19/03/2023,27.76
801,01JGFSWD3WEZH6QDPYAMW9DWW5,27/11/2024,62.97
802,01JGFSWD4Z2G353JVFE5CBKDQ8,29/01/2024,38.99
803,01JGFSWD4J5ECNKGWATRK8Z9MJ,14/04/2024,13.18
804,01JGFSWD595KVJSG0X8HJ2RR9T,05/06/2024,19.99
805,01JGFSWD6SR7G7ZEK7APKVXX5D,21/04/2023,17.98
806,01JGFSWD6Y2CTZ282HH96V6M19,14/06/2023,29.99
807,01JGFSWD1AV0858F0Z22P0V3VN,12/10/2023,39.98
808,01JGFSWD3RRF52V41QMYJNS6XN,15/05/2024,25.98
809,01JGFSWD4Z2G353JVFE5CBKDQ8,06/03/2023,10.98
810,01JGFSWD8C08NZG7EM7S0M2EZB,22/05/2023,16.96
811,01JGFSWD5DD3Z1CYWZ6HE3BXYE,24/08/2023,9.98
812,01JGFSWD7Q6W1VZ70AC5BMRJHF,29/05/2024,59.0
813,01JGFSWD4DAYBAW1KH3GYRGJEH,26/02/2024,374.31
814,01JGFSWD26VT191YM6RQA2FR2W,29/03/2023,126.0
815,01JGFSWD5TDMFW67Q3WY9315CC,30/05/2024,28.89
816,01JGFSWD7S4N5RQDZRECXB0EMM,22/04/2023,35.910000000000004
817,01JGFSWD1NJX9NKJ43PB4E6ED4,17/08/2024,435.98
818,01JGFSWD4H3TQNRZ3CBAPZHZM5,05/05/2024,0.0
819,01JGFSWD3DGV2DWBNBSZ04KQSW,29/01/2023,25.98
820,01JGFSWD3J8K18N2M4YY8PKX8V,06/11/2023,495.0
821,01JGFSWD7WJC8KD0DGHF718A1R,05/01/2024,379.58
822,01JGFSWD35F37W1VJDPHET8Z1E,26/12/2023,43.98
823,01JGFSWD4Y0M2J5RGTTWP72E4X,08/07/2024,27.06
824,01JGFSWD5GSGFB6GWKNEPF5J56,17/07/2023,17.98
825,01JGFSWD3S54Q55DPJKCKEPE24,24/06/2024,319.98
826,01JGFSWD691CMX9R0XG9QTH1G7,08/05/2023,755.8199999999999
827,01JGFSWD3DGV2DWBNBSZ04KQSW,21/06/2023,12.6
828,01JGFSWD1WN9PFWEXQZ2HBBB18,25/03/2023,38.13
829,01JGFSWD47PE3JNRBJNFAPKQ18,04/03/2023,107.10000000000001
830,01JGFSWD8GHZMKRD5FRWM9A5CA,22/07/2023,21.99
831,01JGFSWD8C228TR28YSDH3CTQ3,11/10/2024,86.88
832,01JGFSWD20ABX2CYKEYYZ8QRJP,08/08/2023,65.98
833,01JGFSWD62PSNMDYPDS0FGV8WQ,16/06/2023,25.98
834,01JGFSWD67231WQ850S0W7RGPQ,01/02/2023,237.98
835,01JGFSWD1E4QV53MT1PR7NDGA4,18/01/2024,23.98
836,01JGFSWD8879WQZJB404JDBGZ4,22/01/2023,23.97
837,01JGFSWD6486BJ928EV32S3186,07/05/2024,17.97
838,01JGFSWD3445DZ813AZA8S6EPE,07/01/2024,34.98
839,01JGFSWD79YEKTQFQKB33XGNEX,22/12/2023,12.94
840,01JGFSWD7ZHAFXX5109D3RQ42X,19/06/2023,79.98
841,01JGFSWD7FPK8MKZBAV6JQ9HNT,08/09/2023,15.98
842,01JGFSWD88ER217MWS149X39Y9,25/10/2024,73.94999999999999
843,01JGFSWD7ZHAFXX5109D3RQ42X,11/09/2023,558.41
844,01JGFSWD4N0P43QQSE7BB59T2X,07/10/2023,23.96
845,01JGFSWD6XX4CQ4T270SCHEG10,03/05/2023,5.99
846,01JGFSWD62Q373D90C63KV1XEY,07/07/2024,53.849999999999994
847,01JGFSWD7AP1QRQYN2BZ1272XP,26/08/2023,179.98
848,01JGFSWD4AXAGV38A9EGAEFD1N,17/10/2024,71.97
849,01JGFSWD1GCS0KVKDHWRG0D8EW,06/02/2023,379.58
850,01JGFSWD3B7HFQ87BFZQG6Q2MF,29/08/2024,39.99
851,01JGFSWD8C228TR28YSDH3CTQ3,27/05/2024,0.0
852,01JGFSWD3CHVQWD6025PXSNG15,09/03/2023,35.98
853,01JGFSWD4QXB9Y4WKBD99WE4HE,15/10/2023,59.97
854,01JGFSWD5P8RYH8EDYTG8HJCB2,17/01/2023,39.99
855,01JGFSWD4XN546M7HHPMT5T82Z,10/10/2023,30.0
856,01JGFSWD6RA7R9PVE8EQ080T1M,20/09/2023,31.98
857,01JGFSWD2QBKH8F4WMN9DJ3F9J,22/08/2023,149.97
858,01JGFSWD2EZQBVBQNYBB9T6WV1,30/04/2024,51.5
859,01JGFSWD7AP1QRQYN2BZ1272XP,25/09/2023,17.46
860,01JGFSWD24PZFPGF27JC41VWQZ,04/12/2023,61.98
861,01JGFSWD2PP5KJ2PZW1E343879,27/10/2023,12.98
862,01JGFSWD46PTS3RN8Q8BTPHBA5,20/11/2023,77.97
863,01JGFSWD3E3ZH2ME5SDSDZCE2W,16/06/2024,19.98
864,01JGFSWD6B3E050064YQK782WV,20/04/2024,39.69
865,01JGFSWD7J5EA533WEBMM4XK69,26/05/2024,28.99
866,01JGFSWD1J6C5CS1Y8EPMY04QW,23/09/2024,53.97
867,01JGFSWD5FDXCTA9ST5REE3B8R,21/04/2024,71.97
868,01JGFSWD2ZC62EKZ33P0W2WMKF,28/09/2023,49.98
869,01JGFSWD5PB34J139W0DCZ7W3Q,28/09/2023,83.96
870,01JGFSWD35F37W1VJDPHET8Z1E,22/03/2023,81.4
871,01JGFSWD5ABFA3A1E6FVGWJ9VP,28/04/2024,0.0
872,01JGFSWD1E4QV53MT1PR7NDGA4,23/03/2024,28.200000000000003
873,01JGFSWD33XPDKQM87G9CA3NNY,09/01/2024,29.99
874,01JGFSWD25NC6XGYD4NK8ZPDKM,13/02/2023,26.910000000000004
875,01JGFSWD215SWH754QQ84FFZDG,05/06/2023,73.9
876,01JGFSWD4B35WQ866WBFXK1STS,25/12/2023,89.97
877,01JGFSWD8C228TR28YSDH3CTQ3,28/12/2024,115.5
878,01JGFSWD3V1PMXK2NCFM5ME51G,19/06/2024,29.48
879,01JGFSWD1Z99CFZZQWE9KM3TB8,18/10/2023,163.78
880,01JGFSWD2BE9C5N17840TZ86SQ,16/10/2023,12.99
881,01JGFSWD3AK1SFSVZ1DZC3GZ4B,06/10/2023,26.99
882,01JGFSWD30E6KV2FFR53X9WBK3,17/03/2024,199.99
883,01JGFSWD7P9RNYX9C99DSEJ0ZX,03/08/2024,92.97
884,01JGFSWD577XGXCTP8S6PJ9CDT,09/12/2023,35.98
885,01JGFSWD6KEZS635GE9AA1RFVV,01/10/2023,86.97
886,01JGFSWD2EZQBVBQNYBB9T6WV1,19/04/2024,29.98
887,01JGFSWD8FC636KS49W32JHY5X,10/10/2024,115.42
888,01JGFSWD8GHZMKRD5FRWM9A5CA,14/08/2023,253.14
889,01JGFSWD2Z3PVHJ4N2GHRD0F43,09/12/2023,134.85000000000002
890,01JGFSWD74HXG66VET9GK98MWW,08/09/2023,0.0
891,01JGFSWD7K90BHYVW2XGBEFZ5T,17/08/2024,99.98
892,01JGFSWD47623ESFCCT3K4SD11,28/07/2024,26.14
893,01JGFSWD8C228TR28YSDH3CTQ3,25/06/2024,449.97
894,01JGFSWD6N3ZPA44ZQTSREDEBE,20/05/2023,88.14
895,01JGFSWD2SDC60J3BESEA98RH9,08/06/2023,70.0
896,01JGFSWD3H1NEM5NTWCC4D7YX5,24/11/2023,375.69
897,01JGFSWD643RP4QTFJNE51AXYX,24/07/2024,39.98
898,01JGFSWD7MTJTDQ9ZFWZ6AEYF3,12/02/2023,0.0
899,01JGFSWD49FNAEP0SKQC4R1066,24/11/2023,38.97
900,01JGFSWD5S86REDQBQJV88Z2BW,27/10/2024,37.85
901,01JGFSWD2SDC60J3BESEA98RH9,07/05/2024,43.44
902,01JGFSWD8GHZMKRD5FRWM9A5CA,29/04/2023,24.99
903,01JGFSWD3PSXX13DQ6JP9M4DWW,06/12/2023,15.99
904,01JGFSWD4Q40323BHZRCM4HCDC,26/01/2023,19.99
905,01JGFSWD2RV6PRQQXDMJX659E0,23/06/2023,7.99
906,01JGFSWD1AV0858F0Z22P0V3VN,13/01/2024,47.97
907,01JGFSWD5B8QKNXFSR6QMMNGE5,05/05/2024,62.97
908,01JGFSWD561KZ0PD3QJPM6P9CX,12/05/2023,107.36
909,01JGFSWD791ERQDDMVVHEGCDWT,07/09/2023,128.97
910,01JGFSWD5Z1GNREBX984PRW1Y8,03/07/2024,106.95
911,01JGFSWD3K3N8WXD7P8NN65TVP,11/06/2023,119.97
912,01JGFSWD2DT8G7CTJRK978NB4Y,20/03/2024,40.99
913,01JGFSWD75MEHJMZBY4W7A9Y54,30/12/2024,19.99
914,01JGFSWD3V7FFG765GS7HW6270,03/06/2024,237.60000000000002
915,01JGFSWD7Y2Q4AFN6NJCT7052A,15/06/2023,19.99
916,01JGFSWD2TFVDWXBYX1N2G6Y41,19/08/2024,58.21
917,01JGFSWD3CHVQWD6025PXSNG15,21/12/2023,299.0
918,01JGFSWD5J915H54SWKVR0G0J9,30/09/2023,9.99
919,01JGFSWD61A70JN1TM6NR0V9MB,16/11/2024,13.07
920,01JGFSWD70FEZJ1FKSJFFB6BTJ,03/05/2024,38.97
921,01JGFSWD73D432YBR665WGB4GY,17/06/2023,29.99
922,01JGFSWD25NC6XGYD4NK8ZPDKM,29/06/2024,107.10000000000001
923,01JGFSWD3WSJW2M4PV7KD4ZJFP,21/07/2023,19.919999999999998
924,01JGFSWD82HEHG80R6CGD26RP4,29/03/2023,41.67
925,01JGFSWD1GCS0KVKDHWRG0D8EW,21/11/2023,59.97
926,01JGFSWD4WM5SVH2M8SBFZ0YEZ,08/10/2023,83.97
927,01JGFSWD2QBKH8F4WMN9DJ3F9J,07/01/2023,30.0
928,01JGFSWD5KGXEETMAHZTH43PE6,06/01/2024,128.97
929,01JGFSWD55BXHQ6W3EX8MKZKXE,26/07/2024,47.97
930,01JGFSWD8BYZ6PCDDE568TQGZQ,05/08/2023,17.2
931,01JGFSWD5JFZSNEPTXX0BAYF1Q,03/03/2023,59.97
932,01JGFSWD774GT5E9F7N36BHWFE,07/07/2023,112.47
933,01JGFSWD73D432YBR665WGB4GY,18/05/2024,69.98
934,01JGFSWD6E23ZK7QQA5NHCDCG7,25/09/2024,59.97
935,01JGFSWD7KM2DXG6EJQ7WF05FX,03/04/2024,0.0
936,01JGFSWD7X8SH0BE1Y9H5Z015B,28/08/2023,25.799999999999997
937,01JGFSWD1FAMZYQN9S4YBDCYW1,29/01/2023,70.0
938,01JGFSWD6DNVF81CQNNKVNX70V,02/06/2023,41.94
939,01JGFSWD7QKK4RPPZZ7PE4F1MR,23/01/2024,20.9
940,01JGFSWD4B35WQ866WBFXK1STS,11/04/2024,23.97
941,01JGFSWD5WACSBGN3NGAEWMH58,23/10/2024,91.0
942,01JGFSWD2RV6PRQQXDMJX659E0,20/09/2023,15.99
943,01JGFSWD495Z19DN59YSK02G5X,26/03/2023,15.98
944,01JGFSWD24PZFPGF27JC41VWQZ,05/10/2023,61.98
945,01JGFSWD3BNQFHZ6AKBZ87R2PW,23/09/2024,4.99
946,01JGFSWD1HR4W714E2BV6AVPEK,11/10/2023,149.97
947,01JGFSWD7BWSZXPPM9SHB7NCNN,24/03/2024,17.96
948,01JGFSWD6HBXB58TK78QDAKHP9,02/01/2024,1425.16
949,01JGFSWD2Y7M8AZ9DQQJBTRJ45,23/01/2024,7.99
950,01JGFSWD6MZB2ZW275G7350605,08/01/2023,79.98
951,01JGFSWD28218TKJKZJQRASNMS,12/01/2024,35.67
952,01JGFSWD7CBBS4WK15T4EB34TW,03/12/2023,23.98
953,01JGFSWD4DX3A8T8CC6T3TEM2E,04/04/2024,98.85000000000001
954,01JGFSWD2K6CWM3KQ9WRW7ZNGD,13/10/2024,32.95
955,01JGFSWD7WJC8KD0DGHF718A1R,22/01/2024,7.8
956,01JGFSWD711CJXHYBX3594BK93,07/11/2023,51.98
957,01JGFSWD392JWMPGM2AJQRG3S2,01/06/2024,2978.6
958,01JGFSWD2HEFT3CXFF57R0JD0P,13/08/2024,15.99
959,01JGFSWD1J6C5CS1Y8EPMY04QW,23/03/2023,29.94
960,01JGFSWD33CTAQY19QGGJY7HBB,22/08/2023,12.8
961,01JGFSWD6BJARQCPY6GBZ2DXKC,21/04/2023,50.97
962,01JGFSWD7V3HXZ0AHWYH9TDNKK,12/09/2024,57.98
963,01JGFSWD66H27GADR8G3AXJHPN,31/01/2023,13.39
964,01JGFSWD7P9RNYX9C99DSEJ0ZX,09/05/2023,24.99
965,01JGFSWD5895B5F1H267M6C1K2,28/10/2023,7.99
966,01JGFSWD50KNDN6R8YKDFMA4MK,15/11/2024,35.910000000000004
967,01JGFSWD87ASPXTV90D7Y9JY1J,25/08/2023,65.9
968,01JGFSWD33XPDKQM87G9CA3NNY,19/09/2024,45.75
969,01JGFSWD8A5V7ERN3ZMMVJXVAP,12/09/2023,69.99
970,01JGFSWD60C7FTRNAWRZ9S86PC,01/01/2023,24.59
971,01JGFSWD4AXAGV38A9EGAEFD1N,18/02/2024,9.99
972,01JGFSWD8C228TR28YSDH3CTQ3,26/08/2024,6.89
973,01JGFSWD5KGXEETMAHZTH43PE6,17/08/2023,180.0
974,01JGFSWD47623ESFCCT3K4SD11,07/07/2023,19.47
975,01JGFSWD1T0DMRGDXG5FH5SSWG,22/01/2023,0.0
976,01JGFSWD61A70JN1TM6NR0V9MB,05/03/2023,15.98
977,01JGFSWD1NB13D98ZHSCCKMMK0,19/05/2024,59.96
978,01JGFSWD63NFE8XDTAGN5Q4KXQ,05/09/2024,24.08
979,01JGFSWD3X1DX3HRB9T64KRWN1,19/10/2024,56.97
980,01JGFSWD7VGB9EFV1T2M3FM7G5,08/02/2023,29.88
981,01JGFSWD2MXTTA0BTYRACHXGVD,20/12/2024,32.18
982,01JGFSWD3FX7HDD2J9QEPWPE19,24/05/2023,4.99
983,01JGFSWD5BPEFZKMMW96NKV9MS,27/12/2024,13.99
984,01JGFSWD72Z972H1V13N9DVBZW,13/06/2024,248.96999999999997
985,01JGFSWD5J915H54SWKVR0G0J9,25/08/2023,116.72999999999999
986,01JGFSWD5YJJ4YZAWCTS379P07,11/02/2024,33.98
987,01JGFSWD2Z3PVHJ4N2GHRD0F43,06/04/2024,9.97
988,01JGFSWD4GWBENFMWH855HHFZT,18/09/2024,9.37
989,01JGFSWD215SWH754QQ84FFZDG,25/06/2023,70.0
990,01JGFSWD4VS1HHR1TJFA2MCM4R,07/12/2024,35.9
991,01JGFSWD5895B5F1H267M6C1K2,25/09/2023,79.98
992,01JGFSWD4P0SHYRQA3PV7GS9B7,13/05/2024,389.97
993,01JGFSWD6QEB00XKM2KYW1SAJZ,17/02/2023,56.97
994,01JGFSWD2BE9C5N17840TZ86SQ,12/05/2024,35.99
995,01JGFSWD1T1VWH5JX0K9A6DFH3,12/09/2023,8.99
996,01JGFSWD5GSGFB6GWKNEPF5J56,08/10/2024,9.99
997,01JGFSWD308V4YYMMYKNR14C9G,10/01/2024,29.94
998,01JGFSWD5Q2XK4G1GVKGQSC41K,04/03/2024,39.99
999,01JGFSWD4EHRBQ794ZTN9PVF0J,25/11/2023,29.99
1000,01JGFSWD88ER217MWS149X39Y9,28/01/2024,8.69
1001,01JGFSWD5C564X5TG42G1WSSX4,20/07/2023,29.97
1002,01JGFSWD6A0R9BVDGE45P8GWEY,07/05/2024,128.97
1003,01JGFSWD7Q6W1VZ70AC5BMRJHF,19/01/2023,31.98
1004,01JGFSWD4F9N5QY569AR9KDP3B,03/01/2023,13.8
1005,01JGFSWD4AXAGV38A9EGAEFD1N,17/07/2023,74.85
1006,01JGFSWD2FQBT64YBKGYGXY06B,10/08/2023,13.59
1007,01JGFSWD6E23ZK7QQA5NHCDCG7,20/05/2024,41.97
1008,01JGFSWD51JDXZSTHEEW9BTMDY,18/08/2023,396.0
1009,01JGFSWD89QYJ1E1GY888V8RK2,04/09/2024,14.97
1010,01JGFSWD2WGXRPD5JWZSC7DRV2,29/12/2023,29.97
1011,01JGFSWD6N372TZ5DNVQDTWJXC,07/06/2023,13.59
1012,01JGFSWD7XN0VRZB716TZMCSFR,05/06/2023,19.98
1013,01JGFSWD5CXQ0J2N2VE4JEH11T,19/10/2024,37.55
1014,01JGFSWD7J5EA533WEBMM4XK69,18/03/2024,59.97
1015,01JGFSWD3NV7QH8H5D99JD7VK5,31/01/2024,39.99
1016,01JGFSWD5C564X5TG42G1WSSX4,02/11/2023,19.54
1017,01JGFSWD33CTAQY19QGGJY7HBB,25/11/2023,17.8
1018,01JGFSWD6Q2TQFCH6GV6M2DFC4,11/12/2023,19.5
1019,01JGFSWD7Y2Q4AFN6NJCT7052A,30/05/2024,42.99
1020,01JGFSWD22SCW8HJYAB1YNJBD0,16/09/2024,65.97
1021,01JGFSWD38633SD1Y1CJZSDZRB,12/01/2023,109.78
1022,01JGFSWD82H240PJACWGYM5N3W,10/03/2024,605.06
1023,01JGFSWD5RRXHXFW4APD2SXA79,17/10/2024,5.99
1024,01JGFSWD6DNVF81CQNNKVNX70V,12/05/2023,86.85
1025,01JGFSWD7WJC8KD0DGHF718A1R,25/05/2024,37.49
1026,01JGFSWD8G550SC8YEVZWGFHC3,07/06/2023,33.9
1027,01JGFSWD1HR4W714E2BV6AVPEK,09/03/2023,27.0
1028,01JGFSWD8DMR23M3BNMZF6Q0SJ,22/07/2024,142.0
1029,01JGFSWD3DQC7K9G21KZGY0G8V,23/07/2023,13.98
1030,01JGFSWD6FF22AZNCH8V1RAYRV,11/01/2024,68.0
1031,01JGFSWD25NC6XGYD4NK8ZPDKM,21/03/2023,30.99
1032,01JGFSWD51CN9TC3MS2H7G8GQ3,29/10/2023,176.7
1033,01JGFSWD5RRXHXFW4APD2SXA79,25/08/2024,24.54
1034,01JGFSWD4R58JJ3TT1VK3KRF7E,21/03/2023,30.31
1035,01JGFSWD30AG09ECD3HE6XQ8B8,14/08/2023,196.77
1036,01JGFSWD7RCYQVH5DYYSR03ZPF,12/01/2023,53.97
1037,01JGFSWD7D4NEBBYBYQRNKY7PG,18/05/2024,119.97
1038,01JGFSWD2WGXRPD5JWZSC7DRV2,14/05/2023,138.0
1039,01JGFSWD1BKW3Z2N55HT4DDA03,06/07/2023,32.97
1040,01JGFSWD66H27GADR8G3AXJHPN,03/08/2024,31.98
1041,01JGFSWD67231WQ850S0W7RGPQ,12/11/2023,6.64
1042,01JGFSWD643RP4QTFJNE51AXYX,28/06/2024,7.99
1043,01JGFSWD6PTARQQ1QGYZHGW58Z,21/06/2023,149.97
1044,01JGFSWD33XPDKQM87G9CA3NNY,29/09/2024,13.7
1045,01JGFSWD3CYWYHDFP3N891EKS1,13/11/2023,237.98
1046,01JGFSWD2BE9C5N17840TZ86SQ,11/07/2024,4.97
1047,01JGFSWD4E6VF66DCWXP1937DP,13/10/2023,97.98
1048,01JGFSWD8C228TR28YSDH3CTQ3,08/09/2023,35.0
1049,01JGFSWD643RP4QTFJNE51AXYX,05/06/2023,112.64999999999999
1050,01JGFSWD20ABX2CYKEYYZ8QRJP,30/01/2023,0.0
1051,01JGFSWD4DX3A8T8CC6T3TEM2E,07/05/2023,11.88
1052,01JGFSWD2WR5X0W3BQ7TAGRJKA,14/03/2023,79.98
1053,01JGFSWD561KZ0PD3QJPM6P9CX,17/03/2023,13.99
1054,01JGFSWD7EJ5FHXEF7B25HKEVQ,08/04/2023,29.97
1055,01JGFSWD7ZHAFXX5109D3RQ42X,26/07/2023,21.98
1056,01JGFSWD66Q3GEV6TR2F68SVZR,04/07/2024,39.98
1057,01JGFSWD3MZTYSWWCN9EP48FNR,25/09/2023,179.98
1058,01JGFSWD1Q83A83MZ5PBRFMGTM,03/04/2024,237.36
1059,01JGFSWD308V4YYMMYKNR14C9G,02/02/2023,27.48
1060,01JGFSWD8AYCNW7SQYRNRT268Z,21/11/2024,41.67
1061,01JGFSWD7EGV45WG9TJVAM8D07,10/02/2023,174.63
1062,01JGFSWD8BDE43S77ESM1KKQQC,18/07/2023,12.59
1063,01JGFSWD2PR8CSX1NRSJA2EG0M,14/10/2023,68.97
1064,01JGFSWD672K0WZYANZ89V8JAN,24/10/2024,13.96
1065,01JGFSWD8HMVHSW97JXHS8FVH2,04/05/2023,126.0
1066,01JGFSWD2RA6ZAS6BDZ8ESNK94,10/08/2024,114.4
1067,01JGFSWD49FNAEP0SKQC4R1066,19/10/2023,73.34
1068,01JGFSWD4MVW4MWCC072GTD8AK,13/04/2024,91.2
1069,01JGFSWD31A725TSENYYMN6QSD,29/07/2024,31.98
1070,01JGFSWD1PDQESE5ZVHWJ4MMVV,20/11/2024,24.99
1071,01JGFSWD4HT9DTSHD0TPB1K3QQ,07/06/2023,0.0
1072,01JGFSWD852MQEVVCDB93P9G6T,04/12/2024,15.98
1073,01JGFSWD3WSJW2M4PV7KD4ZJFP,26/08/2024,109.54
1074,01JGFSWD33CTAQY19QGGJY7HBB,15/09/2024,19.99
1075,01JGFSWD5VB89QRX495YNS6GKX,31/07/2023,53.849999999999994
1076,01JGFSWD4R6NDS74S7J99HH3XP,27/12/2023,49.95
1077,01JGFSWD33XPDKQM87G9CA3NNY,01/04/2023,15.98
1078,01JGFSWD4ZXDM5ETB97S2M53EH,22/06/2024,83.96
1079,01JGFSWD39D6CM5TF1DA7X9DAR,08/08/2024,41.97
1080,01JGFSWD5HAR3BZ88TG7Y5CJ5N,12/08/2023,2.33
1081,01JGFSWD672K0WZYANZ89V8JAN,12/12/2024,44.97
1082,01JGFSWD31SD9TH9KE78R7VGS9,21/07/2023,77.76
1083,01JGFSWD5Q2XK4G1GVKGQSC41K,18/02/2023,4.99
1084,01JGFSWD7Y2Q4AFN6NJCT7052A,11/01/2024,199.98
1085,01JGFSWD1HR4W714E2BV6AVPEK,21/09/2024,23.97
1086,01JGFSWD1RVE65FCM6B1X0077K,02/08/2024,67.0
1087,01JGFSWD31SD9TH9KE78R7VGS9,27/09/2024,251.94
1088,01JGFSWD7P67FX159PRCRMYSAH,12/12/2024,17.2
1089,01JGFSWD6SR7G7ZEK7APKVXX5D,15/11/2023,14.97
1090,01JGFSWD6486BJ928EV32S3186,21/10/2023,24.0
1091,01JGFSWD2XJMXXCQNPRJRJNWME,06/01/2023,21.98
1092,01JGFSWD7JB73G7PBDZWPBK2JZ,01/09/2024,95.55000000000001
1093,01JGFSWD20ABX2CYKEYYZ8QRJP,25/02/2023,47.97
1094,01JGFSWD26J9EVBHJT7BT0RNV2,21/04/2024,36.98
1095,01JGFSWD1K0ZHNV7AJFJVS39YQ,06/03/2024,21.27
1096,01JGFSWD5D4HCSX0CT0VMNZ4RZ,08/02/2023,22.89
1097,01JGFSWD636Y6G8NG0T6Q61HVG,15/07/2024,31.9
1098,01JGFSWD7K90BHYVW2XGBEFZ5T,22/09/2023,59.97
1099,01JGFSWD3FBK22YRBH4VHYV08S,26/09/2024,44.5
1100,01JGFSWD62Q373D90C63KV1XEY,13/07/2023,29.99
1101,01JGFSWD3MWHD3T5PE9VXHWZXZ,19/11/2023,12.89
1102,01JGFSWD840KRN9EBHPDB5S1GC,04/03/2023,38.97
1103,01JGFSWD691CMX9R0XG9QTH1G7,17/01/2023,33.76
1104,01JGFSWD7BWSZXPPM9SHB7NCNN,09/07/2023,34.99
1105,01JGFSWD4Q40323BHZRCM4HCDC,14/07/2023,23.99
1106,01JGFSWD7SRYSR4WQ0EHVS0001,25/09/2023,19.98
1107,01JGFSWD82H240PJACWGYM5N3W,20/02/2024,12.99
1108,01JGFSWD65FNCQGES6DECY9MKJ,30/01/2024,15.62
1109,01JGFSWD4P0SHYRQA3PV7GS9B7,21/01/2023,19.99
1110,01JGFSWD7S4N5RQDZRECXB0EMM,11/04/2023,17.99
1111,01JGFSWD5YYEMJVE7JVMHGW9C7,24/09/2024,69.98
1112,01JGFSWD4R6NDS74S7J99HH3XP,22/02/2023,642.51
1113,01JGFSWD3AK1SFSVZ1DZC3GZ4B,31/03/2024,825.0
1114,01JGFSWD8G550SC8YEVZWGFHC3,31/10/2024,39.99
1115,01JGFSWD546JZQTQHP7BDAHQCM,28/09/2023,49.98
1116,01JGFSWD852MQEVVCDB93P9G6T,18/09/2024,19.94
1117,01JGFSWD6ZY79PS5MHV3N2YM6R,02/02/2023,71.97
1118,01JGFSWD2WR5X0W3BQ7TAGRJKA,12/02/2024,89.97
1119,01JGFSWD5Z1GNREBX984PRW1Y8,14/12/2024,8.99
1120,01JGFSWD76GXKC9SN4ZQDM44HB,01/05/2023,61.98
1121,01JGFSWD3CYWYHDFP3N891EKS1,07/03/2023,50.0
1122,01JGFSWD80Y8GW4JJZSCZY7X31,17/03/2023,33.98
1123,01JGFSWD4S9W2GWBNPHDKWYVVX,23/05/2024,179.97
1124,01JGFSWD7MTP17KGC300WFFTY9,11/12/2024,11.99
1125,01JGFSWD3445DZ813AZA8S6EPE,01/12/2024,18.99
1126,01JGFSWD8G550SC8YEVZWGFHC3,06/02/2023,59.97
1127,01JGFSWD55BXHQ6W3EX8MKZKXE,04/03/2023,19.98
1128,01JGFSWD2S60AVB160Q5SR9KK8,29/03/2024,58.86
1129,01JGFSWD5PB34J139W0DCZ7W3Q,18/03/2024,36.99
1130,01JGFSWD1C7SEG3HV8CAJ3MY5H,11/08/2024,74.26
1131,01JGFSWD4EHRBQ794ZTN9PVF0J,14/06/2024,89.9
1132,01JGFSWD8DMR23M3BNMZF6Q0SJ,20/01/2024,26.97
1133,01JGFSWD6H1CM7ZQWDPAZ00EMM,02/01/2023,29.96
1134,01JGFSWD2QWWD8M32AHFFBMNMV,25/12/2024,129.99
1135,01JGFSWD672K0WZYANZ89V8JAN,18/12/2024,27.78
1136,01JGFSWD1HR4W714E2BV6AVPEK,25/08/2024,37.98
1137,01JGFSWD6A0R9BVDGE45P8GWEY,23/04/2023,17.96
1138,01JGFSWD2C9THWYFGVEGR4SCX9,18/04/2023,25.98
1139,01JGFSWD3FX7HDD2J9QEPWPE19,30/05/2023,68.97
1140,01JGFSWD34V0WWXMM7TXDZ3PEM,13/08/2024,19.99
1141,01JGFSWD4W485QT21Z5QMXP6E8,27/09/2023,149.99
1142,01JGFSWD4TCDGR17GJ9NH4KZCN,09/03/2023,32.99
1143,01JGFSWD3J1EKN8RJ6BYDMK2JJ,06/02/2024,89.97
1144,01JGFSWD4QXB9Y4WKBD99WE4HE,19/09/2023,24.99
1145,01JGFSWD6GJQ3GJWTCZV39ZXJ8,27/01/2023,44.3
1146,01JGFSWD7FPK8MKZBAV6JQ9HNT,04/12/2024,219.99
1147,01JGFSWD5C564X5TG42G1WSSX4,16/02/2024,99.98
1148,01JGFSWD2M4XXW1FFRFVTB8Z2B,09/06/2024,878.0
1149,01JGFSWD8E94SAKRFNWVWCNVKW,08/03/2024,11.94
1150,01JGFSWD8G550SC8YEVZWGFHC3,22/07/2024,343.46999999999997
1151,01JGFSWD82HEHG80R6CGD26RP4,28/02/2023,8.6
1152,01JGFSWD7CBBS4WK15T4EB34TW,18/01/2023,32.849999999999994
1153,01JGFSWD1K7YQ73AG21NC6SNJC,03/08/2023,25.98
1154,01JGFSWD3K3N8WXD7P8NN65TVP,09/08/2023,29.5
1155,01JGFSWD36PTAFF4D25X1VC5P7,25/07/2023,47.97
1156,01JGFSWD5ABFA3A1E6FVGWJ9VP,27/01/2024,28.47
1157,01JGFSWD6GJQ3GJWTCZV39ZXJ8,10/10/2023,0.0
1158,01JGFSWD7110WZXSA60HYPWPS2,01/10/2023,23.98
1159,01JGFSWD5ABFA3A1E6FVGWJ9VP,09/12/2024,77.82
1160,01JGFSWD2QWWD8M32AHFFBMNMV,09/07/2024,12.99
1161,01JGFSWD7XN0VRZB716TZMCSFR,07/03/2024,41.97
1162,01JGFSWD746VR5TQAMWENVBPE5,06/05/2023,97.98
1163,01JGFSWD7AP1QRQYN2BZ1272XP,15/12/2023,119.97
1164,01JGFSWD672K0WZYANZ89V8JAN,20/05/2024,25.98
1165,01JGFSWD6E20X6R7B0KW40ASM5,29/11/2024,46.769999999999996
1166,01JGFSWD7SRYSR4WQ0EHVS0001,07/01/2023,35.98
1167,01JGFSWD672K0WZYANZ89V8JAN,24/11/2024,27.81
1168,01JGFSWD7K90BHYVW2XGBEFZ5T,19/05/2024,27.98
1169,01JGFSWD5QDZDRFESC0TJYMXZ9,27/01/2023,15.9
1170,01JGFSWD8A5V7ERN3ZMMVJXVAP,27/09/2024,24.99
1171,01JGFSWD3V7FFG765GS7HW6270,16/12/2024,789.74
1172,01JGFSWD62PSNMDYPDS0FGV8WQ,04/04/2023,29.98
1173,01JGFSWD1K0ZHNV7AJFJVS39YQ,09/03/2024,59.699999999999996
1174,01JGFSWD1WN9PFWEXQZ2HBBB18,16/06/2024,95.97
1175,01JGFSWD1WN9PFWEXQZ2HBBB18,22/04/2024,5.99
1176,01JGFSWD4J5ECNKGWATRK8Z9MJ,16/03/2024,301.98
1177,01JGFSWD6QEB00XKM2KYW1SAJZ,15/03/2024,25.98
1178,01JGFSWD789QWVWDTM9P5JV0BG,01/06/2023,169.96
1179,01JGFSWD546JZQTQHP7BDAHQCM,28/11/2024,29.98
1180,01JGFSWD36PTAFF4D25X1VC5P7,11/10/2024,16.09
1181,01JGFSWD2SDC60J3BESEA98RH9,02/10/2024,9.88
1182,01JGFSWD5TDMFW67Q3WY9315CC,06/09/2024,63.48
1183,01JGFSWD76GXKC9SN4ZQDM44HB,08/02/2024,24.95
1184,01JGFSWD47623ESFCCT3K4SD11,31/03/2024,115.0
1185,01JGFSWD2FSM71QB69ECTRZDYN,20/02/2023,29.97
1186,01JGFSWD5J915H54SWKVR0G0J9,04/07/2024,82.99
1187,01JGFSWD6JS2R5YQQV8AHAWFDH,19/02/2024,1471.8000000000002
1188,01JGFSWD2QBKH8F4WMN9DJ3F9J,03/07/2024,18.88
1189,01JGFSWD2SDC60J3BESEA98RH9,07/10/2024,149.99
1190,01JGFSWD691CMX9R0XG9QTH1G7,01/03/2023,71.98
1191,01JGFSWD6XX4CQ4T270SCHEG10,19/04/2024,31.98
1192,01JGFSWD8GHZMKRD5FRWM9A5CA,21/03/2024,8.99
1193,01JGFSWD4JWKQ820BB6A56KTYW,12/12/2023,15.98
1194,01JGFSWD1G7YG9Y9VEHGPFER68,23/07/2023,56.97
1195,01JGFSWD35F37W1VJDPHET8Z1E,19/10/2024,25.99
1196,01JGFSWD7C6Q4S9QRVTK0ND2ET,01/02/2023,47.97
1197,01JGFSWD2JM7AM4Z14N60SJE8E,02/11/2024,0.0
1198,01JGFSWD1PDQESE5ZVHWJ4MMVV,26/03/2023,37.13
1199,01JGFSWD5FDXCTA9ST5REE3B8R,01/04/2023,28.99
1200,01JGFSWD4Z2G353JVFE5CBKDQ8,09/02/2023,89.99
